1	b0020	nhaR
2	b0034	caiF
3	b0064	araC
4	b0069	sgrR
5	b0076	leuO
6	b0080	cra
7	b0113	pdhR
8	b0146	sfsA
9	b0162	cdaR
10	b0208	yafC
11	b0226	dinJ
12	b0240	crl
13	b0254	perR
14	b0267	yagA
15	b0272	yagI
16	b0282	yagP
17	b0294	ecpR
18	b0300	ykgA
19	b0305	ykgD
20	b0313	betI
21	b0316	yahB
22	b0318	yahD
23	b0330	prpR
24	b0338	cynR
25	b0345	lacI
26	b0346	mhpR
27	b0357	frmR
28	b0375	yaiV
29	b0378	yaiW
30	b0399	phoB
31	b0413	nrdR
32	b0435	bolA
33	b0440	hupB
34	b0447	ybaO
35	b0464	acrR
36	b0483	ybaQ
37	b0487	cueR
38	b0502	ylbG
39	b0504	allS
40	b0506	allR
41	b0535	fimZ
42	b0564	appY
43	b0566	envY
44	b0571	cusR
45	b0603	ybdO
46	b0620	dpiA
47	b0623	cspE
48	b0629	ybeF
49	b0676	nagC
50	b0683	fur
51	b0694	kdpE
52	b0715	abrB
53	b0730	mngR
54	b0761	modE
55	b0768	ybhD
56	b0788	ybhN
57	b0796	ybiH
58	b0817	mntR
59	b0840	deoR
60	b0846	ybjK
61	b0889	lrp
62	b0900	ycaN
63	b0912	ihfB
64	b0995	torR
65	b1013	rutR
66	b1040	csgD
67	b1071	flgM
68	b1111	ycfQ
69	b1130	phoP
70	b1146	ymfT
71	b1147	ymfL
72	b1149	ymfN
73	b1162	bluR
74	b1187	fadR
75	b1201	dhaR
76	b1213	ychQ
77	b1214	ychA
78	b1221	narL
79	b1237	hns
80	b1275	cysB
81	b1284	yciT
82	b1299	puuR
83	b1303	pspF
84	b1305	pspB
85	b1306	pspC
86	b1320	ycjW
87	b1323	tyrR
88	b1328	ycjZ
89	b1334	fnr
90	b1339	abgR
91	b1356	racR
92	b1357	ydaS
93	b1384	feaR
94	b1399	paaX
95	b1422	ydcI
96	b1434	ydcN
97	b1439	ydcR
98	b1450	mcbR
99	b1477	yddM
100	b1497	ydeM
101	b1499	ydeO
102	b1506	yneL
103	b1507	hipA
104	b1508	hipB
105	b1512	lsrR
106	b1526	yneJ
107	b1530	marR
108	b1531	marA
109	b1540	ydfH
110	b1557	cspB
111	b1564	relB
112	b1569	dicC
113	b1570	dicA
114	b1594	mlc
115	b1595	ynfL
116	b1608	rstA
117	b1618	uidR
118	b1620	malI
119	b1642	slyA
120	b1649	nemR
121	b1658	purR
122	b1659	ydhB
123	b1696	ydiP
124	b1712	ihfA
125	b1735	chbR
126	b1739	osmE
127	b1770	ydjF
128	b1790	yeaM
129	b1799	dmlR
130	b1823	cspC
131	b1827	kdgR
132	b1853	yebK
133	b1891	flhC
134	b1892	flhD
135	b1914	uvrY
136	b1916	sdiA
137	b1921	fliZ
138	b1922	fliA
139	b1951	rcsA
140	b1969	yedW
141	b1987	cbl
142	b1988	nac
143	b2015	yeeY
144	b2017	yefM
145	b2079	baeR
146	b2082	ogrK
147	b2087	gatR_1
148	b2101	yegW
149	b2105	rcnR
150	b2125	yehT
151	b2127	mlrA
152	b2151	galS
153	b2157	yeiE
154	b2163	yeiL
155	b2193	narP
156	b2213	ada
157	b2217	rcsB
158	b2220	atoC
159	b2248	yfaX
160	b2289	lrhA
161	b2365	dsdX
162	b2369	evgA
163	b2381	ypdB
164	b2382	ypdC
165	b2398	yfeC
166	b2399	yfeD
167	b2405	xapR
168	b2409	yfeR
169	b2427	murR
170	b2437	eutR
171	b2479	gcvR
172	b2491	hyfR
173	b2531	iscR
174	b2537	hcaR
175	b2550	yphH
176	b2554	glrR
177	b2561	yfhH
178	b2570	rseC
179	b2571	rseB
180	b2573	rpoE
181	b2577	yfiE
182	b2624	alpA
183	b2634	yfjR
184	b2664	csiR
185	b2667	ygaV
186	b2669	stpA
187	b2684	mprA
188	b2706	gutM
189	b2707	srlR
190	b2709	norR
191	b2714	ascG
192	b2725	hycA
193	b2731	fhlA
194	b2735	ygbI
195	b2741	rpoS
196	b2805	fucR
197	b2808	gcvA
198	b2837	galR
199	b2839	lysR
200	b2852	ygeH
201	b2855	ygeK
202	b2869	ygeV
203	b2916	argP
204	b2921	ygfI
205	b2929	yggD
206	b2980	glcC
207	b2981	yghO
208	b3010	yqhC
209	b3021	mqsA
210	b3023	ygiV
211	b3025	qseB
212	b3060	ttdR
213	b3067	rpoD
214	b3071	yqjI
215	b3075	ebgR
216	b3082	higA
217	b3094	exuR
218	b3105	yhaJ
219	b3118	tdcA
220	b3119	tdcR
221	b3131	agaR
222	b3188	sfsB
223	b3190	ibaG
224	b3202	rpoN
225	b3219	yhcF
226	b3226	nanR
227	b3237	argR
228	b3243	aaeR
229	b3261	fis
230	b3264	envR
231	b3292	zntR
232	b3346	yheO
233	b3357	crp
234	b3375	frlR
235	b3405	ompR
236	b3410	feoC
237	b3418	malT
238	b3422	rtcR
239	b3423	glpR
240	b3438	gntR
241	b3461	rpoH
242	b3481	nikR
243	b3501	arsR
244	b3507	dctR
245	b3512	gadE
246	b3515	gadW
247	b3516	gadX
248	b3520	yhjB
249	b3521	yhjC
250	b3555	yiaG
251	b3556	cspA
252	b3569	xylR
253	b3574	yiaJ
254	b3585	yiaU
255	b3601	mtlR
256	b3604	lldR
257	b3669	uhpA
258	b3674	yidF
259	b3680	yidL
260	b3684	yidP
261	b3702	dnaA
262	b3711	yidZ
263	b3743	asnC
264	b3753	rbsR
265	b3773	ilvY
266	b3783	rho
267	b3828	metR
268	b3842	rfaH
269	b3868	glnG
270	b3872	yihL
271	b3884	yihW
272	b3889	yiiE
273	b3897	frvR
274	b3905	rhaS
275	b3906	rhaR
276	b3912	cpxR
277	b3934	cytR
278	b3938	metJ
279	b3954	yijO
280	b3961	oxyR
281	b3963	fabR
282	b3973	birA
283	b4000	hupA
284	b4004	zraR
285	b4018	iclR
286	b4043	lexA
287	b4046	zur
288	b4062	soxS
289	b4063	soxR
290	b4089	rpiR
291	b4102	phnF
292	b4113	basR
293	b4116	adiY
294	b4118	melR
295	b4124	dcuR
296	b4133	cadC
297	b4135	yjdC
298	b4178	nsrR
299	b4182	yjfJ
300	b4187	aidB
301	b4191	ulaR
302	b4205	ytfA
303	b4212	ytfH
304	b4241	treR
305	b4251	bdcR
306	b4264	idnR
307	b4292	fecR
308	b4293	fecI
309	b4295	yjhU
310	b4299	yjhI
311	b4300	sgcR
312	b4324	uxuR
313	b4327	yjiE
314	b4340	yjiR
315	b4357	yjjM
316	b4365	yjjQ
317	b4366	bglJ
318	b4385	yjjJ
319	b4393	trpR
320	b4396	rob
321	b4398	creB
322	b4401	arcA
323	b4479	dgoR
324	b4480	hdfR
325	b1014	putA
326	b2697	alaS
327	b4260	pepA
328	b4390	nadR
329	b0002	thrA
330	b0003	thrB
331	b0004	thrC
332	b0007	yaaJ
333	b0008	talB
334	b0009	mog
335	b0019	nhaA
336	b0025	ribF
337	b0026	ileS
338	b0029	ispH
339	b0030	rihC
340	b0031	dapB
341	b0032	carA
342	b0033	carB
343	b0036	caiD
344	b0037	caiC
345	b0038	caiB
346	b0040	caiT
347	b0047	kefC
348	b0048	folA
349	b0049	apaH
350	b0052	pdxA
351	b0061	araD
352	b0062	araA
353	b0063	araB
354	b0066	thiQ
355	b0067	thiP
356	b0068	tbpA
357	b0070	setA
358	b0071	leuD
359	b0072	leuC
360	b0073	leuB
361	b0074	leuA
362	b0077	ilvI
363	b0078	ilvH
364	b0084	ftsI
365	b0085	murE
366	b0086	murF
367	b0087	mraY
368	b0088	murD
369	b0090	murG
370	b0091	murC
371	b0092	ddlB
372	b0096	lpxC
373	b0099	mutT
374	b0103	coaE
375	b0104	guaC
376	b0109	nadC
377	b0110	ampD
378	b0112	aroP
379	b0114	aceE
380	b0115	aceF
381	b0116	lpd
382	b0118	acnB
383	b0120	speD
384	b0121	speE
385	b0123	cueO
386	b0124	gcd
387	b0125	hpt
388	b0126	can
389	b0131	panD
390	b0133	panC
391	b0134	panB
392	b0142	folK
393	b0149	mrcB
394	b0150	fhuA
395	b0151	fhuC
396	b0152	fhuD
397	b0153	fhuB
398	b0154	hemL
399	b0155	clcA
400	b0158	btuF
401	b0159	mtn
402	b0160	dgt
403	b0166	dapD
404	b0171	pyrH
405	b0173	dxr
406	b0174	ispU
407	b0175	cdsA
408	b0179	lpxD
409	b0180	fabZ
410	b0181	lpxA
411	b0182	lpxB
412	b0185	accA
413	b0186	ldcC
414	b0194	proS
415	b0197	metQ
416	b0198	metI
417	b0199	metN
418	b0200	gmhB
419	b0207	dkgB
420	b0212	gloB
421	b0221	fadE
422	b0222	lpcA
423	b0237	pepD
424	b0238	gpt
425	b0241	phoE
426	b0242	proB
427	b0243	proA
428	b0260	mmuP
429	b0261	mmuM
430	b0273	argF
431	b0306	ykgE
432	b0307	ykgF
433	b0308	ykgG
434	b0311	betA
435	b0312	betB
436	b0314	betT
437	b0323	yahI
438	b0331	prpB
439	b0333	prpC
440	b0334	prpD
441	b0336	codB
442	b0337	codA
443	b0339	cynT
444	b0340	cynS
445	b0341	cynX
446	b0344	lacZ
447	b0347	mhpA
448	b0348	mhpB
449	b0349	mhpC
450	b0350	mhpD
451	b0351	mhpF
452	b0352	mhpE
453	b0353	mhpT
454	b0355	frmB
455	b0356	frmA
456	b0365	tauA
457	b0366	tauB
458	b0367	tauC
459	b0368	tauD
460	b0369	hemB
461	b0381	ddlA
462	b0383	phoA
463	b0386	proC
464	b0388	aroL
465	b0394	mak
466	b0401	brnQ
467	b0403	malZ
468	b0404	acpH
469	b0411	tsx
470	b0414	ribD
471	b0415	ribE
472	b0417	thiL
473	b0418	pgpA
474	b0420	dxs
475	b0421	ispA
476	b0423	thiI
477	b0425	panE
478	b0428	cyoE
479	b0429	cyoD
480	b0430	cyoC
481	b0431	cyoB
482	b0432	cyoA
483	b0433	ampG
484	b0444	queC
485	b0446	cof
486	b0451	amtB
487	b0452	tesB
488	b0459	maa
489	b0462	acrB
490	b0463	acrA
491	b0469	apt
492	b0474	adk
493	b0475	hemH
494	b0477	gsk
495	b0480	ushA
496	b0484	copA
497	b0485	ybaS
498	b0494	tesA
499	b0505	allA
500	b0507	gcl
501	b0508	hyi
502	b0509	glxR
503	b0511	ybbW
504	b0512	allB
505	b0514	glxK
506	b0516	allC
507	b0517	allD
508	b0521	ybcF
509	b0522	purK
510	b0523	purE
511	b0524	lpxH
512	b0526	cysS
513	b0529	folD
514	b0572	cusC
515	b0573	cusF
516	b0574	cusB
517	b0575	cusA
518	b0576	pheP
519	b0578	nfsB
520	b0583	entD
521	b0584	fepA
522	b0585	fes
523	b0586	entF
524	b0588	fepC
525	b0589	fepG
526	b0590	fepD
527	b0591	entS
528	b0592	fepB
529	b0593	entC
530	b0594	entE
531	b0595	entB
532	b0596	entA
533	b0604	dsbG
534	b0612	citT
535	b0613	citG
536	b0614	citX
537	b0615	citF
538	b0616	citE
539	b0617	citD
540	b0621	dcuC
541	b0622	pagP
542	b0628	lipA
543	b0630	lipB
544	b0632	dacA
545	b0635	mrdA
546	b0638	cobC
547	b0639	nadD
548	b0642	leuS
549	b0650	hscC
550	b0651	rihA
551	b0652	gltL
552	b0653	gltK
553	b0654	gltJ
554	b0655	gltI
555	b0657	lnt
556	b0662	ubiF
557	b0674	asnB
558	b0677	nagA
559	b0678	nagB
560	b0679	nagE
561	b0680	glnS
562	b0684	fldA
563	b0688	pgm
564	b0692	potE
565	b0693	speF
566	b0696	kdpC
567	b0697	kdpB
568	b0698	kdpA
569	b0709	dtpD
570	b0720	gltA
571	b0721	sdhC
572	b0722	sdhD
573	b0723	sdhA
574	b0724	sdhB
575	b0726	sucA
576	b0727	sucB
577	b0728	sucC
578	b0729	sucD
579	b0731	mngA
580	b0732	mngB
581	b0733	cydA
582	b0734	cydB
583	b0736	ybgC
584	b0750	nadA
585	b0751	pnuC
586	b0752	zitB
587	b0754	aroG
588	b0755	gpmA
589	b0756	galM
590	b0757	galK
591	b0758	galT
592	b0759	galE
593	b0763	modA
594	b0764	modB
595	b0765	modC
596	b0766	ybhA
597	b0767	pgl
598	b0774	bioA
599	b0775	bioB
600	b0776	bioF
601	b0777	bioC
602	b0778	bioD
603	b0781	moaA
604	b0783	moaC
605	b0784	moaD
606	b0785	moaE
607	b0789	ybhO
608	b0805	fiu
609	b0809	glnQ
610	b0810	glnP
611	b0811	glnH
612	b0813	rhtA
613	b0822	ybiV
614	b0825	fsaA
615	b0826	moeB
616	b0827	moeA
617	b0828	iaaA
618	b0829	gsiA
619	b0830	gsiB
620	b0831	gsiC
621	b0832	gsiD
622	b0837	yliI
623	b0839	dacC
624	b0841	ybjG
625	b0842	mdfA
626	b0849	grxA
627	b0854	potF
628	b0855	potG
629	b0856	potH
630	b0857	potI
631	b0860	artJ
632	b0861	artM
633	b0862	artQ
634	b0863	artI
635	b0864	artP
636	b0870	ltaE
637	b0871	poxB
638	b0875	aqpZ
639	b0886	cydC
640	b0887	cydD
641	b0888	trxB
642	b0893	serS
643	b0894	dmsA
644	b0895	dmsB
645	b0896	dmsC
646	b0902	pflA
647	b0903	pflB
648	b0904	focA
649	b0907	serC
650	b0908	aroA
651	b0910	cmk
652	b0914	msbA
653	b0915	lpxK
654	b0918	kdsB
655	b0928	aspC
656	b0929	ompF
657	b0930	asnS
658	b0931	pncB
659	b0932	pepN
660	b0933	ssuB
661	b0934	ssuC
662	b0935	ssuD
663	b0936	ssuA
664	b0937	ssuE
665	b0945	pyrD
666	b0954	fabA
667	b0957	ompA
668	b0963	mgsA
669	b0968	yccX
670	b0972	hyaA
671	b0973	hyaB
672	b0974	hyaC
673	b0978	appC
674	b0979	appB
675	b0980	appA
676	b0996	torC
677	b0997	torA
678	b1002	agp
679	b1006	rutG
680	b1007	rutF
681	b1008	rutE
682	b1009	rutD
683	b1010	rutC
684	b1011	rutB
685	b1012	rutA
686	b1015	putP
687	b1033	ghrA
688	b1054	lpxL
689	b1059	solA
690	b1062	pyrC
691	b1064	grxB
692	b1069	murJ
693	b1090	plsX
694	b1091	fabH
695	b1092	fabD
696	b1093	fabG
697	b1094	acpP
698	b1095	fabF
699	b1096	pabC
700	b1098	tmk
701	b1101	ptsG
702	b1102	fhuE
703	b1106	thiK
704	b1107	nagZ
705	b1109	ndh
706	b1119	nagK
707	b1123	potD
708	b1124	potC
709	b1125	potB
710	b1126	potA
711	b1131	purB
712	b1134	nudJ
713	b1136	icd
714	b1185	dsbB
715	b1186	nhaB
716	b1189	dadA
717	b1190	dadX
718	b1192	ldcA
719	b1193	emtA
720	b1197	treA
721	b1198	dhaM
722	b1199	dhaL
723	b1200	dhaK
724	b1206	ychM
725	b1207	prs
726	b1208	ispE
727	b1210	hemA
728	b1215	kdsA
729	b1216	chaA
730	b1223	narK
731	b1224	narG
732	b1225	narH
733	b1226	narJ
734	b1227	narI
735	b1232	purU
736	b1236	galU
737	b1238	tdk
738	b1241	adhE
739	b1243	oppA
740	b1244	oppB
741	b1245	oppC
742	b1246	oppD
743	b1247	oppF
744	b1249	clsA
745	b1250	kch
746	b1252	tonB
747	b1260	trpA
748	b1261	trpB
749	b1262	trpC
750	b1263	trpD
751	b1264	trpE
752	b1270	btuR
753	b1276	acnA
754	b1277	ribA
755	b1278	pgpB
756	b1281	pyrF
757	b1288	fabI
758	b1291	sapD
759	b1296	puuP
760	b1297	puuA
761	b1298	puuD
762	b1300	puuC
763	b1301	puuB
764	b1302	puuE
765	b1308	pspE
766	b1319	ompG
767	b1325	ycjG
768	b1326	mpaA
769	b1329	mppA
770	b1363	trkG
771	b1377	ompN
772	b1378	ydbK
773	b1380	ldhA
774	b1385	feaB
775	b1386	tynA
776	b1387	paaZ
777	b1388	paaA
778	b1389	paaB
779	b1390	paaC
780	b1391	paaD
781	b1392	paaE
782	b1393	paaF
783	b1394	paaG
784	b1395	paaH
785	b1397	paaJ
786	b1398	paaK
787	b1415	aldA
788	b1440	ydcS
789	b1441	ydcT
790	b1442	ydcU
791	b1443	ydcV
792	b1444	ydcW
793	b1453	ansP
794	b1463	nhoA
795	b1465	narV
796	b1466	narW
797	b1467	narY
798	b1468	narZ
799	b1469	narU
800	b1473	yddG
801	b1474	fdnG
802	b1475	fdnH
803	b1476	fdnI
804	b1478	adhP
805	b1479	maeA
806	b1483	ddpF
807	b1484	ddpD
808	b1485	ddpC
809	b1486	ddpB
810	b1487	ddpA
811	b1488	ddpX
812	b1489	dosP
813	b1492	gadC
814	b1493	gadB
815	b1519	tam
816	b1521	uxaB
817	b1524	yneH
818	b1525	sad
819	b1528	ydeA
820	b1533	eamA
821	b1539	ydfG
822	b1584	speG
823	b1587	ynfE
824	b1588	ynfF
825	b1589	ynfG
826	b1590	ynfH
827	b1592	clcB
828	b1599	mdtI
829	b1600	mdtJ
830	b1602	pntB
831	b1603	pntA
832	b1605	ydgI
833	b1606	folM
834	b1611	fumC
835	b1612	fumA
836	b1613	manA
837	b1621	malX
838	b1622	malY
839	b1623	add
840	b1634	tppB
841	b1636	pdxY
842	b1637	tyrS
843	b1638	pdxH
844	b1640	anmK
845	b1646	sodC
846	b1651	gloA
847	b1654	grxD
848	b1656	sodB
849	b1661	cfa
850	b1662	ribC
851	b1676	pykF
852	b1677	lpp
853	b1679	sufE
854	b1680	sufS
855	b1682	sufC
856	b1683	sufB
857	b1684	sufA
858	b1692	ydiB
859	b1693	aroD
860	b1701	fadK
861	b1702	ppsA
862	b1704	aroH
863	b1709	btuD
864	b1710	btuE
865	b1711	btuC
866	b1713	pheT
867	b1714	pheS
868	b1719	thrS
869	b1723	pfkB
870	b1732	katE
871	b1734	chbF
872	b1740	nadE
873	b1744	astE
874	b1745	astB
875	b1746	astD
876	b1747	astA
877	b1748	astC
878	b1759	nudG
879	b1761	gdhA
880	b1764	selD
881	b1767	ansA
882	b1768	pncA
883	b1773	ydjI
884	b1778	msrB
885	b1779	gapA
886	b1781	yeaE
887	b1800	dmlA
888	b1801	yeaV
889	b1805	fadD
890	b1812	pabB
891	b1814	sdaA
892	b1817	manX
893	b1818	manY
894	b1819	manZ
895	b1849	purT
896	b1850	eda
897	b1851	edd
898	b1852	zwf
899	b1854	pykA
900	b1855	lpxM
901	b1857	znuA
902	b1858	znuC
903	b1859	znuB
904	b1865	nudB
905	b1866	aspS
906	b1872	torZ
907	b1873	torY
908	b1876	argS
909	b1896	otsA
910	b1897	otsB
911	b1899	araH_1
912	b1900	araG
913	b1901	araF
914	b1907	tyrP
915	b1912	pgsA
916	b1919	dcyD
917	b1927	amyA
918	b1981	shiA
919	b1982	amn
920	b1991	cobT
921	b1992	cobS
922	b1993	cobU
923	b2010	dacD
924	b2019	hisG
925	b2020	hisD
926	b2021	hisC
927	b2022	hisB
928	b2023	hisH
929	b2024	hisA
930	b2025	hisF
931	b2026	hisI
932	b2027	wzzB
933	b2028	ugd
934	b2029	gnd
935	b2032	wbbK
936	b2033	wbbJ
937	b2034	wbbI
938	b2035	wbbH
939	b2036	glf
940	b2037	rfbX
941	b2038	rfbC
942	b2039	rfbA
943	b2040	rfbD
944	b2041	rfbB
945	b2045	wcaK
946	b2048	cpsG
947	b2049	cpsB
948	b2051	gmm
949	b2052	fcl
950	b2053	gmd
951	b2065	dcd
952	b2066	udk
953	b2091	gatD
954	b2092	gatC
955	b2093	gatB
956	b2094	gatA
957	b2095	gatZ
958	b2096	gatY
959	b2097	fbaB
960	b2103	thiD
961	b2104	thiM
962	b2114	metG
963	b2128	yehW
964	b2129	yehX
965	b2130	yehY
966	b2131	osmF
967	b2132	bglX
968	b2133	dld
969	b2134	pbpG
970	b2143	cdd
971	b2146	preT
972	b2147	preA
973	b2148	mglC
974	b2149	mglA
975	b2150	mglB
976	b2153	folE
977	b2154	yeiG
978	b2155	cirA
979	b2156	lysP
980	b2162	rihB
981	b2167	fruA
982	b2168	fruK
983	b2169	fruB
984	b2170	setB
985	b2174	lpxT
986	b2197	ccmE
987	b2198	ccmD
988	b2199	ccmC
989	b2200	ccmB
990	b2201	ccmA
991	b2202	napC
992	b2203	napB
993	b2204	napH
994	b2205	napG
995	b2206	napA
996	b2210	mqo
997	b2215	ompC
998	b2221	atoD
999	b2222	atoA
1000	b2223	atoE
1001	b2224	atoB
1002	b2232	ubiG
1003	b2234	nrdA
1004	b2235	nrdB
1005	b2239	glpQ
1006	b2240	glpT
1007	b2241	glpA
1008	b2242	glpB
1009	b2243	glpC
1010	b2251	nudI
1011	b2253	arnB
1012	b2254	arnC
1013	b2255	arnA
1014	b2256	arnD
1015	b2257	arnT
1016	b2258	arnF
1017	b2260	menE
1018	b2261	menC
1019	b2262	menB
1020	b2263	menH
1021	b2264	menD
1022	b2265	menF
1023	b2276	nuoN
1024	b2277	nuoM
1025	b2278	nuoL
1026	b2279	nuoK
1027	b2280	nuoJ
1028	b2281	nuoI
1029	b2282	nuoH
1030	b2283	nuoG
1031	b2284	nuoF
1032	b2285	nuoE
1033	b2286	nuoC
1034	b2287	nuoB
1035	b2288	nuoA
1036	b2290	alaA
1037	b2291	yfbR
1038	b2296	ackA
1039	b2297	pta
1040	b2303	folX
1041	b2306	hisP
1042	b2307	hisM
1043	b2308	hisQ
1044	b2309	hisJ
1045	b2310	argT
1046	b2311	ubiX
1047	b2312	purF
1048	b2315	folC
1049	b2316	accD
1050	b2320	pdxB
1051	b2323	fabB
1052	b2328	mepA
1053	b2329	aroC
1054	b2341	fadJ
1055	b2342	fadI
1056	b2344	fadL
1057	b2366	dsdA
1058	b2373	oxc
1059	b2374	frc
1060	b2378	lpxP
1061	b2379	alaC
1062	b2388	glk
1063	b2392	mntH
1064	b2393	nupC
1065	b2400	gltX
1066	b2406	xapB
1067	b2407	xapA
1068	b2411	ligA
1069	b2414	cysK
1070	b2415	ptsH
1071	b2416	ptsI
1072	b2417	crr
1073	b2418	pdxK
1074	b2421	cysM
1075	b2422	cysA
1076	b2423	cysW
1077	b2424	cysU
1078	b2425	cysP
1079	b2428	murQ
1080	b2429	murP
1081	b2435	amiA
1082	b2436	hemF
1083	b2440	eutC
1084	b2441	eutB
1085	b2458	eutD
1086	b2463	maeB
1087	b2465	tktB
1088	b2467	nudK
1089	b2470	acrD
1090	b2472	dapE
1091	b2476	purC
1092	b2478	dapA
1093	b2480	bcp
1094	b2481	hyfA
1095	b2482	hyfB
1096	b2483	hyfC
1097	b2484	hyfD
1098	b2485	hyfE
1099	b2486	hyfF
1100	b2487	hyfG
1101	b2488	hyfH
1102	b2489	hyfI
1103	b2490	hyfJ
1104	b2492	focB
1105	b2497	uraA
1106	b2498	upp
1107	b2499	purM
1108	b2500	purN
1109	b2501	ppk
1110	b2502	ppx
1111	b2507	guaA
1112	b2508	guaB
1113	b2514	hisS
1114	b2515	ispG
1115	b2518	ndk
1116	b2519	pbpC
1117	b2521	sseA
1118	b2523	pepB
1119	b2528	iscA
1120	b2529	iscU
1121	b2530	iscS
1122	b2533	suhB
1123	b2536	hcaT
1124	b2538	hcaE
1125	b2539	hcaF
1126	b2540	hcaC
1127	b2541	hcaB
1128	b2542	hcaD
1129	b2551	glyA
1130	b2552	hmp
1131	b2557	purL
1132	b2558	mltF
1133	b2563	acpS
1134	b2564	pdxJ
1135	b2574	nadB
1136	b2578	eamB
1137	b2579	grcA
1138	b2582	trxC
1139	b2585	pssA
1140	b2587	kgtP
1141	b2599	pheA
1142	b2600	tyrA
1143	b2601	aroF
1144	b2615	nadK
1145	b2661	gabD
1146	b2662	gabT
1147	b2663	gabP
1148	b2675	nrdE
1149	b2676	nrdF
1150	b2678	proW
1151	b2679	proX
1152	b2682	ygaZ
1153	b2683	ygaH
1154	b2687	luxS
1155	b2688	gshA
1156	b2690	yqaB
1157	b2701	mltB
1158	b2702	srlA
1159	b2703	srlE
1160	b2704	srlB
1161	b2705	srlD
1162	b2708	gutQ
1163	b2710	norV
1164	b2711	norW
1165	b2715	ascF
1166	b2719	hycG
1167	b2720	hycF
1168	b2721	hycE
1169	b2722	hycD
1170	b2723	hycC
1171	b2724	hycB
1172	b2738	ygbL
1173	b2744	surE
1174	b2746	ispF
1175	b2747	ispD
1176	b2750	cysC
1177	b2751	cysN
1178	b2752	cysD
1179	b2762	cysH
1180	b2763	cysI
1181	b2764	cysJ
1182	b2765	queD
1183	b2779	eno
1184	b2780	pyrG
1185	b2781	mazG
1186	b2784	relA
1187	b2787	gudD
1188	b2788	gudX
1189	b2789	gudP
1190	b2794	queF
1191	b2796	sdaC
1192	b2797	sdaB
1193	b2799	fucO
1194	b2800	fucA
1195	b2801	fucP
1196	b2802	fucI
1197	b2803	fucK
1198	b2810	csdA
1199	b2813	mltA
1200	b2817	amiC
1201	b2818	argA
1202	b2827	thyA
1203	b2835	lplT
1204	b2836	aas
1205	b2838	lysA
1206	b2841	araE
1207	b2864	glyU
1208	b2866	xdhA
1209	b2867	xdhB
1210	b2868	xdhC
1211	b2871	ygeX
1212	b2874	yqeA
1213	b2877	mocA
1214	b2882	xanQ
1215	b2883	guaD
1216	b2889	idi
1217	b2890	lysS
1218	b2893	dsbC
1219	b2895	fldB
1220	b2901	bglA
1221	b2903	gcvP
1222	b2904	gcvH
1223	b2905	gcvT
1224	b2907	ubiH
1225	b2912	fau
1226	b2913	serA
1227	b2914	rpiA
1228	b2917	scpA
1229	b2919	scpB
1230	b2920	scpC
1231	b2923	argO
1232	b2925	fbaA
1233	b2926	pgk
1234	b2927	epd
1235	b2930	yggF
1236	b2935	tktA
1237	b2937	speB
1238	b2938	speA
1239	b2942	metK
1240	b2943	galP
1241	b2947	gshB
1242	b2954	rdgB
1243	b2957	ansB
1244	b2963	mltC
1245	b2964	nupG
1246	b2965	speC
1247	b2975	glcA
1248	b2976	glcB
1249	b2979	glcD
1250	b2987	pitB
1251	b2988	gss
1252	b2994	hybC
1253	b2995	hybB
1254	b2996	hybA
1255	b2997	hybO
1256	b3001	yghZ
1257	b3005	exbD
1258	b3006	exbB
1259	b3008	metC
1260	b3012	dkgA
1261	b3018	plsC
1262	b3028	mdaB
1263	b3029	ygiN
1264	b3034	nudF
1265	b3035	tolC
1266	b3040	zupT
1267	b3041	ribB
1268	b3052	rfaE
1269	b3057	bacA
1270	b3058	folB
1271	b3059	ygiH
1272	b3061	ttdA
1273	b3062	ttdB
1274	b3063	ttdT
1275	b3089	sstT
1276	b3091	uxaA
1277	b3092	uxaC
1278	b3093	exuT
1279	b3114	tdcE
1280	b3115	tdcD
1281	b3116	tdcC
1282	b3117	tdcB
1283	b3124	garK
1284	b3125	garR
1285	b3126	garL
1286	b3127	garP
1287	b3128	garD
1288	b3132	kbaZ
1289	b3137	kbaY
1290	b3161	mtr
1291	b3172	argG
1292	b3176	glmM
1293	b3177	folP
1294	b3182	dacB
1295	b3187	ispB
1296	b3189	murA
1297	b3196	yrbG
1298	b3197	kdsD
1299	b3198	kdsC
1300	b3199	lptC
1301	b3200	lptA
1302	b3201	lptB
1303	b3212	gltB
1304	b3213	gltD
1305	b3222	nanK
1306	b3223	nanE
1307	b3224	nanT
1308	b3225	nanA
1309	b3236	mdh
1310	b3255	accB
1311	b3256	accC
1312	b3258	panF
1313	b3265	acrE
1314	b3266	acrF
1315	b3281	aroE
1316	b3288	fmt
1317	b3290	trkA
1318	b3350	kefB
1319	b3359	argD
1320	b3360	pabA
1321	b3365	nirB
1322	b3366	nirD
1323	b3367	nirC
1324	b3368	cysG
1325	b3370	frlA
1326	b3371	frlB
1327	b3374	frlD
1328	b3380	yhfW
1329	b3384	trpS
1330	b3385	gph
1331	b3386	rpe
1332	b3389	aroB
1333	b3390	aroK
1334	b3396	mrcA
1335	b3397	nudE
1336	b3403	pck
1337	b3409	feoB
1338	b3412	bioH
1339	b3415	gntT
1340	b3416	malQ
1341	b3417	malP
1342	b3425	glpE
1343	b3426	glpD
1344	b3428	glgP
1345	b3429	glgA
1346	b3430	glgC
1347	b3431	glgX
1348	b3432	glgB
1349	b3433	asd
1350	b3436	gntU_1
1351	b3437	gntK
1352	b3447	ggt
1353	b3449	ugpQ
1354	b3450	ugpC
1355	b3451	ugpE
1356	b3452	ugpA
1357	b3453	ugpB
1358	b3454	livF
1359	b3455	livG
1360	b3456	livM
1361	b3457	livH
1362	b3458	livK
1363	b3460	livJ
1364	b3469	zntA
1365	b3475	acpT
1366	b3476	nikA
1367	b3477	nikB
1368	b3478	nikC
1369	b3479	nikD
1370	b3480	nikE
1371	b3493	pitA
1372	b3496	dtpB
1373	b3500	gor
1374	b3502	arsB
1375	b3503	arsC
1376	b3517	gadA
1377	b3519	treF
1378	b3526	kdgK
1379	b3528	dctA
1380	b3540	dppF
1381	b3541	dppD
1382	b3542	dppC
1383	b3543	dppB
1384	b3544	dppA
1385	b3545	proK
1386	b3546	eptB
1387	b3551	bisC
1388	b3553	ghrB
1389	b3559	glyS
1390	b3560	glyQ
1391	b3564	xylB
1392	b3565	xylA
1393	b3566	xylF
1394	b3567	xylG
1395	b3568	xylH
1396	b3571	malS
1397	b3572	avtA
1398	b3575	yiaK
1399	b3577	yiaM
1400	b3578	yiaN
1401	b3579	yiaO
1402	b3580	lyxK
1403	b3581	sgbH
1404	b3583	sgbE
1405	b3588	aldB
1406	b3591	selA
1407	b3599	mtlA
1408	b3600	mtlD
1409	b3603	lldP
1410	b3605	lldD
1411	b3607	cysE
1412	b3608	gpsA
1413	b3610	grxC
1414	b3612	gpmM
1415	b3616	tdh
1416	b3617	kbl
1417	b3619	rfaD
1418	b3620	waaF
1419	b3621	waaC
1420	b3622	rfaL
1421	b3623	waaK
1422	b3624	rfaZ
1423	b3625	waaY
1424	b3626	waaJ
1425	b3627	waaI
1426	b3628	waaB
1427	b3629	rfaS
1428	b3630	waaP
1429	b3631	waaG
1430	b3632	waaQ
1431	b3633	waaA
1432	b3634	coaD
1433	b3639	dfp
1434	b3640	dut
1435	b3642	pyrE
1436	b3648	gmk
1437	b3650	spoT
1438	b3653	gltS
1439	b3654	xanP
1440	b3665	ade
1441	b3666	uhpT
1442	b3670	ilvN
1443	b3671	ilvB
1444	b3679	yidK
1445	b3691	dgoT
1446	b3693	dgoK
1447	b3708	tnaA
1448	b3709	tnaB
1449	b3714	purP
1450	b3722	bglF
1451	b3725	pstB
1452	b3726	pstA
1453	b3727	pstC
1454	b3728	pstS
1455	b3729	glmS
1456	b3730	glmU
1457	b3731	atpC
1458	b3732	atpD
1459	b3733	atpG
1460	b3734	atpA
1461	b3735	atpH
1462	b3736	atpF
1463	b3737	atpE
1464	b3738	atpB
1465	b3739	atpI
1466	b3744	asnA
1467	b3747	kup
1468	b3748	rbsD
1469	b3749	rbsA
1470	b3750	rbsC
1471	b3751	rbsB
1472	b3752	rbsK
1473	b3770	ilvE
1474	b3771	ilvD
1475	b3772	ilvA
1476	b3774	ilvC
1477	b3779	gpp
1478	b3781	trxA
1479	b3784	rfe
1480	b3785	wzzE
1481	b3786	rffE
1482	b3787	rffD
1483	b3788	rffG
1484	b3789	rffH
1485	b3790	rffC
1486	b3791	rffA
1487	b3792	wzxE
1488	b3793	wzyE
1489	b3794	rffM
1490	b3803	hemX
1491	b3804	hemD
1492	b3805	hemC
1493	b3806	cyaA
1494	b3807	cyaY
1495	b3809	dapF
1496	b3816	corA
1497	b3821	pldA
1498	b3823	rhtC
1499	b3824	rhtB
1500	b3825	pldB
1501	b3826	yigL
1502	b3829	metE
1503	b3831	udp
1504	b3833	ubiE
1505	b3835	ubiB
1506	b3843	ubiD
1507	b3844	fre
1508	b3845	fadA
1509	b3846	fadB
1510	b3849	trkH
1511	b3850	hemG
1512	b3853	alaT
1513	b3856	mobB
1514	b3857	mobA
1515	b3860	dsbA
1516	b3867	hemN
1517	b3870	glnA
1518	b3875	ompL
1519	b3882	yihU
1520	b3892	fdoI
1521	b3893	fdoH
1522	b3894	fdoG
1523	b3902	rhaD
1524	b3903	rhaA
1525	b3904	rhaB
1526	b3907	rhaT
1527	b3908	sodA
1528	b3909	kdgT
1529	b3915	fieF
1530	b3916	pfkA
1531	b3917	sbp
1532	b3918	cdh
1533	b3919	tpiA
1534	b3924	fpr
1535	b3925	glpX
1536	b3926	glpK
1537	b3927	glpF
1538	b3930	menA
1539	b3939	metB
1540	b3940	metL
1541	b3941	metF
1542	b3942	katG
1543	b3945	gldA
1544	b3946	fsaB
1545	b3951	pflD
1546	b3952	pflC
1547	b3956	ppc
1548	b3957	argE
1549	b3958	argC
1550	b3959	argB
1551	b3960	argH
1552	b3962	sthA
1553	b3966	btuB
1554	b3967	murI
1555	b3972	murB
1556	b3974	coaA
1557	b3990	thiH
1558	b3991	thiG
1559	b3992	thiF
1560	b3993	thiE
1561	b3994	thiC
1562	b3996	nudC
1563	b3997	hemE
1564	b4005	purD
1565	b4006	purH
1566	b4013	metA
1567	b4014	aceB
1568	b4015	aceA
1569	b4019	metH
1570	b4024	lysC
1571	b4025	pgi
1572	b4031	xylE
1573	b4032	malG
1574	b4033	malF
1575	b4034	malE
1576	b4035	malK
1577	b4036	lamB
1578	b4039	ubiC
1579	b4040	ubiA
1580	b4041	plsB
1581	b4042	dgkA
1582	b4053	alr
1583	b4054	tyrB
1584	b4055	aphA
1585	b4067	actP
1586	b4069	acs
1587	b4070	nrfA
1588	b4071	nrfB
1589	b4072	nrfC
1590	b4073	nrfD
1591	b4077	gltP
1592	b4079	fdhF
1593	b4084	alsK
1594	b4085	alsE
1595	b4086	alsC
1596	b4087	alsA
1597	b4088	alsB
1598	b4090	rpiB
1599	b4094	phnN
1600	b4111	proP
1601	b4115	adiC
1602	b4117	adiA
1603	b4119	melA
1604	b4120	melB
1605	b4122	fumB
1606	b4123	dcuB
1607	b4129	lysU
1608	b4130	yjdL
1609	b4131	cadA
1610	b4132	cadB
1611	b4136	dipZ
1612	b4138	dcuA
1613	b4139	aspA
1614	b4151	frdD
1615	b4152	frdC
1616	b4153	frdB
1617	b4154	frdA
1618	b4160	psd
1619	b4161	rsgA
1620	b4169	amiB
1621	b4177	purA
1622	b4192	ulaG
1623	b4193	ulaA
1624	b4194	ulaB
1625	b4195	ulaC
1626	b4196	ulaD
1627	b4197	ulaE
1628	b4198	ulaF
1629	b4208	cycA
1630	b4209	ytfE
1631	b4213	cpdB
1632	b4214	cysQ
1633	b4219	msrA
1634	b4226	ppa
1635	b4227	ytfQ
1636	b4230	ytfT
1637	b4231	yjfF
1638	b4232	fbp
1639	b4233	mpl
1640	b4237	nrdG
1641	b4238	nrdD
1642	b4239	treC
1643	b4240	treB
1644	b4242	mgtA
1645	b4244	pyrI
1646	b4245	pyrB
1647	b4254	argI
1648	b4258	valS
1649	b4261	lptF
1650	b4262	lptG
1651	b4265	idnT
1652	b4266	idnO
1653	b4267	idnD
1654	b4268	idnK
1655	b4287	fecE
1656	b4288	fecD
1657	b4289	fecC
1658	b4290	fecB
1659	b4291	fecA
1660	b4301	sgcE
1661	b4311	nanC
1662	b4321	gntP
1663	b4322	uxuA
1664	b4323	uxuB
1665	b4356	yjjL
1666	b4358	yjjN
1667	b4367	fhuF
1668	b4374	yjjG
1669	b4381	deoC
1670	b4382	deoA
1671	b4383	deoB
1672	b4384	deoD
1673	b4386	lplA
1674	b4388	serB
1675	b4392	slt
1676	b4394	yjjX
1677	b4395	ytjC
1678	b4467	glcF
1679	b4474	frlC
1680	b4477	dgoA
1681	b4485	ytfR
1682	b0001	thrL
1683	b0005	yaaX
1684	b0006	yaaA
1685	b0010	yaaH
1686	b0011	yaaW
1687	b0012	htgA
1688	b0013	yaaI
1689	b0014	dnaK
1690	b0015	dnaJ
1691	b0016	insL-1
1692	b0017	yi82_1
1693	b0022	insA-1
1694	b0023	rpsT
1695	b0024	yaaY
1696	b0027	lspA
1697	b0028	fkpB
1698	b0035	caiE
1699	b0039	caiA
1700	b0041	fixA
1701	b0042	fixB
1702	b0043	fixC
1703	b0044	fixX
1704	b0045	yaaU
1705	b0046	kefF
1706	b0050	apaG
1707	b0051	rsmA
1708	b0053	surA
1709	b0054	lptD
1710	b0055	djlA
1711	b0056	yabP
1712	b0058	rluA
1713	b0059	hepA
1714	b0060	polB
1715	b0065	yabI
1716	b0075	leuL
1717	b0079	fruL
1718	b0081	mraZ
1719	b0082	rsmH
1720	b0083	ftsL
1721	b0089	ftsW
1722	b0093	ftsQ
1723	b0094	ftsA
1724	b0095	ftsZ
1725	b0097	secM
1726	b0098	secA
1727	b0100	b0100
1728	b0101	yacG
1729	b0102	zapD
1730	b0105	b0105
1731	b0106	hofC
1732	b0107	hofB
1733	b0108	ppdD
1734	b0111	ampE
1735	b0117	yacH
1736	b0119	yacL
1737	b0122	yacC
1738	b0127	yadG
1739	b0128	yadH
1740	b0129	yadI
1741	b0130	yadE
1742	b0132	yadD
1743	b0135	yadC
1744	b0136	yadK
1745	b0137	yadL
1746	b0138	yadM
1747	b0139	htrE
1748	b0140	yadV
1749	b0141	yadN
1750	b0143	pcnB
1751	b0144	gluQ
1752	b0145	dksA
1753	b0147	ligT
1754	b0148	hrpB
1755	b0156	erpA
1756	b0157	yadS
1757	b0161	degP
1758	b0163	yaeH
1759	b0164	yaeI
1760	b0165	b0165
1761	b0167	glnD
1762	b0168	map
1763	b0169	rpsB
1764	b0170	tsf
1765	b0172	frr
1766	b0176	rseP
1767	b0177	bamA
1768	b0178	hlpA
1769	b0183	rnhB
1770	b0184	dnaE
1771	b0187	yaeR
1772	b0188	tilS
1773	b0189	rof
1774	b0190	yaeQ
1775	b0191	arfB
1776	b0192	nlpE
1777	b0193	yaeF
1778	b0195	yaeB
1779	b0196	rcsF
1780	b0201	rrsH
1781	b0205	rrfH
1782	b0209	yafD
1783	b0210	yafE
1784	b0211	mltD
1785	b0213	yafS
1786	b0214	rnhA
1787	b0215	dnaQ
1788	b0217	yafT
1789	b0218	yafU
1790	b0219	yafV
1791	b0220	ivy
1792	b0223	yafJ
1793	b0224	yafK
1794	b0225	yafQ
1795	b0227	yafL
1796	b0228	rayT
1797	b0229	lfhA
1798	b0230	lafU
1799	b0231	dinB
1800	b0232	yafN
1801	b0233	yafO
1802	b0234	yafP
1803	b0235	ykfJ
1804	b0236	prfH
1805	b0239	frsA
1806	b0245	ykfI
1807	b0246	yafW
1808	b0247	ykfG
1809	b0248	yafX
1810	b0249	ykfF
1811	b0250	ykfB
1812	b0251	yafY
1813	b0252	yafZ
1814	b0253	ykfA
1815	b0255	insN-1
1816	b0257	insO-1
1817	b0258	ykfC
1818	b0262	afuC
1819	b0263	afuB
1820	b0266	yagB
1821	b0268	yagE
1822	b0269	yagF
1823	b0270	yagG
1824	b0271	yagH
1825	b0276	yagJ
1826	b0277	yagK
1827	b0278	yagL
1828	b0279	yagM
1829	b0280	yagN
1830	b0281	intF
1831	b0283	paoD
1832	b0284	paoC
1833	b0285	paoB
1834	b0286	paoA
1835	b0287	yagU
1836	b0288	ykgJ
1837	b0289	ecpE
1838	b0290	ecpD
1839	b0291	ecpC
1840	b0292	ecpB
1841	b0293	ecpA
1842	b0295	ykgL
1843	b0296	ykgM
1844	b0297	eaeH
1845	b0301	ykgB
1846	b0303	ykgI
1847	b0304	ykgC
1848	b0309	b0309
1849	b0310	ykgH
1850	b0315	yahA
1851	b0317	yahC
1852	b0319	yahE
1853	b0320	yahF
1854	b0321	yahG
1855	b0324	yahJ
1856	b0325	yahK
1857	b0326	yahL
1858	b0327	yahM
1859	b0328	yahN
1860	b0329	yahO
1861	b0335	prpE
1862	b0342	lacA
1863	b0354	yaiL
1864	b0358	yaiO
1865	b0359	yaiX
1866	b0360	insC-1
1867	b0362	yaiF
1868	b0363	yaiP
1869	b0364	yaiS
1870	b0370	ykiB
1871	b0371	yaiT
1872	b0374	yaiU
1873	b0376	ampH
1874	b0377	sbmA
1875	b0379	yaiY
1876	b0380	yaiZ
1877	b0382	iraP
1878	b0384	psiF
1879	b0385	adrA
1880	b0387	yaiI
1881	b0389	yaiA
1882	b0390	aroM
1883	b0391	yaiE
1884	b0392	ykiA
1885	b0393	rdgC
1886	b0396	araJ
1887	b0397	sbcC
1888	b0398	sbcD
1889	b0400	phoR
1890	b0402	proY
1891	b0405	queA
1892	b0406	tgt
1893	b0407	yajC
1894	b0408	secD
1895	b0409	secF
1896	b0410	yajD
1897	b0412	yajI
1898	b0416	nusB
1899	b0419	yajO
1900	b0422	xseB
1901	b0424	yajL
1902	b0426	yajQ
1903	b0427	yajR
1904	b0434	yajG
1905	b0436	tig
1906	b0437	clpP
1907	b0438	clpX
1908	b0439	lon
1909	b0441	ppiD
1910	b0442	ybaV
1911	b0443	fadM
1912	b0445	ybaE
1913	b0448	mdlA
1914	b0449	mdlB
1915	b0450	glnK
1916	b0453	ybaY
1917	b0454	atl
1918	b0455	ffs
1919	b0456	ybaA
1920	b0457	ylaB
1921	b0458	ylaC
1922	b0460	hha
1923	b0461	tomB
1924	b0465	mscK
1925	b0466	ybaM
1926	b0467	priC
1927	b0468	ybaN
1928	b0470	dnaX
1929	b0471	ybaB
1930	b0472	recR
1931	b0473	htpG
1932	b0476	aes
1933	b0478	ybaL
1934	b0479	fsr
1935	b0481	ybaK
1936	b0482	ybaP
1937	b0486	ybaT
1938	b0488	ybbJ
1939	b0489	qmcA
1940	b0490	ybbL
1941	b0491	ybbM
1942	b0492	ybbN
1943	b0493	ybbO
1944	b0495	ybbA
1945	b0496	ybbP
1946	b0497	rhsD
1947	b0498	ybbC
1948	b0499	ylbH
1949	b0500	ybbD
1950	b0501	b0501
1951	b0503	ybbB
1952	b0510	ybbV
1953	b0513	ybbY
1954	b0515	allE
1955	b0518	fdrA
1956	b0519	ylbE_2
1957	b0520	ylbF
1958	b0525	ppiB
1959	b0527	ybcI
1960	b0528	ybcJ
1961	b0530	sfmA
1962	b0531	sfmC
1963	b0532	sfmD
1964	b0533	sfmH
1965	b0534	sfmF
1966	b0537	intD
1967	b0539	ybcC
1968	b0542	renD
1969	b0543	emrE
1970	b0544	ybcK
1971	b0545	ybcL
1972	b0546	ybcM
1973	b0547	ybcN
1974	b0548	ninE
1975	b0549	ybcO
1976	b0550	rusA
1977	b0551	ybcQ
1978	b0553	nmpC
1979	b0554	essD
1980	b0555	rrrD
1981	b0556	rzpD
1982	b0557	borD
1983	b0558	ybcV
1984	b0559	ybcW
1985	b0561	tfaD
1986	b0562	ybcY
1987	b0563	tfaX
1988	b0565	ompT
1989	b0567	ybcH
1990	b0568	nfrA
1991	b0569	nfrB
1992	b0570	cusS
1993	b0577	ybdG
1994	b0579	ybdF
1995	b0580	ybdJ
1996	b0581	ybdK
1997	b0587	fepE
1998	b0597	entH
1999	b0598	cstA
2000	b0599	ybdH
2001	b0600	ybdL
2002	b0601	ybdM
2003	b0602	ybdN
2004	b0605	ahpC
2005	b0606	ahpF
2006	b0607	uspG
2007	b0608	ybdR
2008	b0610	rnk
2009	b0611	rna
2010	b0618	citC
2011	b0619	dpiB
2012	b0624	crcB
2013	b0625	ybeM_1
2014	b0626	ybeM_2
2015	b0627	tatE
2016	b0631	ybeD
2017	b0633	rlpA
2018	b0634	mrdB
2019	b0636	rlmH
2020	b0637	rsfS
2021	b0640	holA
2022	b0641	lptE
2023	b0643	ybeL
2024	b0644	ybeQ
2025	b0645	ybeR
2026	b0646	djlB
2027	b0647	ybeT
2028	b0648	ybeU
2029	b0649	djlC
2030	b0658	ybeX
2031	b0659	ybeY
2032	b0660	ybeZ
2033	b0661	miaB
2034	b0675	nagD
2035	b0681	chiP
2036	b0682	ybfN
2037	b0685	ybfE
2038	b0686	ybfF
2039	b0687	seqA
2040	b0689	ybfP
2041	b0690	ybfG
2042	b0691	ybfH
2043	b0695	kdpD
2044	b0699	ybfA
2045	b0700	rhsC
2046	b0702	ybfB
2047	b0703	ybfO
2048	b0704	ybfC
2049	b0706	ybfD
2050	b0707	ybgA
2051	b0708	phr
2052	b0710	ybgI
2053	b0711	ybgJ
2054	b0712	ybgK
2055	b0713	ybgL
2056	b0714	nei
2057	b0716	ybgO
2058	b0717	ybgP
2059	b0718	ybgQ
2060	b0719	ybgD
2061	b0725	b0725
2062	b0735	ybgE
2063	b0737	tolQ
2064	b0738	tolR
2065	b0739	tolA
2066	b0740	tolB
2067	b0741	pal
2068	b0742	ybgF
2069	b0753	ybgS
2070	b0760	modF
2071	b0762	acrZ
2072	b0769	ybhH
2073	b0770	ybhI
2074	b0771	ybhJ
2075	b0772	ybhC
2076	b0773	ybhB
2077	b0779	uvrB
2078	b0780	ybhK
2079	b0782	moaB
2080	b0786	ybhL
2081	b0787	ybhM
2082	b0790	ybhP
2083	b0791	ybhQ
2084	b0792	ybhR
2085	b0793	ybhS
2086	b0794	ybhF
2087	b0795	ybhG
2088	b0797	rhlE
2089	b0798	ybiA
2090	b0799	dinG
2091	b0800	ybiB
2092	b0801	ybiC
2093	b0802	ybiJ
2094	b0803	ybiI
2095	b0804	ybiX
2096	b0806	mcbA
2097	b0807	rlmF
2098	b0808	ybiO
2099	b0812	dps
2100	b0814	ompX
2101	b0815	ybiP
2102	b0816	yliL
2103	b0818	ybiR
2104	b0819	ybiS
2105	b0820	ybiT
2106	b0821	ybiU
2107	b0823	ybiW
2108	b0824	ybiY
2109	b0833	yliE
2110	b0834	yliF
2111	b0835	rimO
2112	b0836	bssR
2113	b0838	gstB
2114	b0843	ybjH
2115	b0844	ybjI
2116	b0845	ybjJ
2117	b0847	ybjL
2118	b0848	ybjM
2119	b0850	ybjC
2120	b0851	nfsA
2121	b0852	rimK
2122	b0853	ybjN
2123	b0858	ybjO
2124	b0859	rlmC
2125	b0865	ybjP
2126	b0866	ybjQ
2127	b0867	amiD
2128	b0868	ybjS
2129	b0869	ybjT
2130	b0872	hcr
2131	b0873	hcp
2132	b0874	ybjE
2133	b0876	ybjD
2134	b0877	ybjX
2135	b0878	macA
2136	b0879	macB
2137	b0880	cspD
2138	b0881	clpS
2139	b0882	clpA
2140	b0884	infA
2141	b0885	aat
2142	b0890	ftsK
2143	b0891	lolA
2144	b0892	rarA
2145	b0897	ycaC
2146	b0898	ycaD
2147	b0899	ycaM
2148	b0901	ycaK
2149	b0905	ycaO
2150	b0906	ycaP
2151	b0909	ycaL
2152	b0911	rpsA
2153	b0913	ycaI
2154	b0916	ycaQ
2155	b0917	ycaR
2156	b0919	ycbJ
2157	b0920	ycbC
2158	b0921	smtA
2159	b0922	mukF
2160	b0923	mukE
2161	b0924	mukB
2162	b0925	ycbB
2163	b0926	ycbK
2164	b0927	ycbL
2165	b0938	elfA
2166	b0939	elfD
2167	b0940	elfC
2168	b0941	elfG
2169	b0942	ycbU
2170	b0943	ycbV
2171	b0944	ycbF
2172	b0946	zapC
2173	b0947	ycbX
2174	b0948	rlmL
2175	b0949	uup
2176	b0950	pqiA
2177	b0951	pqiB
2178	b0952	ymbA
2179	b0953	rmf
2180	b0955	ycbZ
2181	b0956	matP
2182	b0958	sulA
2183	b0959	sxy
2184	b0960	yccS
2185	b0961	yccF
2186	b0962	helD
2187	b0964	yccT
2188	b0965	yccU
2189	b0966	hspQ
2190	b0967	rlmI
2191	b0969	tusE
2192	b0970	yccA
2193	b0975	hyaD
2194	b0976	hyaE
2195	b0977	hyaF
2196	b0981	etk
2197	b0982	etp
2198	b0983	gfcE
2199	b0984	gfcD
2200	b0985	gfcC
2201	b0986	gfcB
2202	b0987	gfcA
2203	b0989	cspH
2204	b0990	cspG
2205	b0991	ymcE
2206	b0992	yccM
2207	b0993	torS
2208	b0994	torT
2209	b0998	torD
2210	b0999	cbpM
2211	b1000	cbpA
2212	b1001	yccE
2213	b1003	yccJ
2214	b1004	wrbA
2215	b1005	ycdF
2216	b1016	efeU_1
2217	b1017	efeU_2
2218	b1018	efeO
2219	b1019	efeB
2220	b1020	phoH
2221	b1021	pgaD
2222	b1022	pgaC
2223	b1023	pgaB
2224	b1024	pgaA
2225	b1025	ycdT
2226	b1028	ymdE
2227	b1029	ycdU
2228	b1034	ycdX
2229	b1035	ycdY
2230	b1036	ycdZ
2231	b1037	csgG
2232	b1038	csgF
2233	b1039	csgE
2234	b1041	csgB
2235	b1042	csgA
2236	b1043	csgC
2237	b1044	ymdA
2238	b1045	ymdB
2239	b1046	ymdC
2240	b1047	mdoC
2241	b1048	mdoG
2242	b1049	mdoH
2243	b1050	yceK
2244	b1051	msyB
2245	b1052	b1052
2246	b1053	mdtG
2247	b1055	yceA
2248	b1056	yceI
2249	b1057	yceJ
2250	b1058	yceO
2251	b1060	bssS
2252	b1061	dinI
2253	b1063	yceB
2254	b1065	mdtH
2255	b1066	rimJ
2256	b1067	yceH
2257	b1068	yceM
2258	b1070	flgN
2259	b1072	flgA
2260	b1073	flgB
2261	b1074	flgC
2262	b1075	flgD
2263	b1076	flgE
2264	b1077	flgF
2265	b1078	flgG
2266	b1079	flgH
2267	b1080	flgI
2268	b1081	flgJ
2269	b1082	flgK
2270	b1083	flgL
2271	b1084	rne
2272	b1085	yceQ
2273	b1086	rluC
2274	b1087	yceF
2275	b1088	yceD
2276	b1089	rpmF
2277	b1097	yceG
2278	b1099	holB
2279	b1100	ycfH
2280	b1103	hinT
2281	b1104	ycfL
2282	b1105	lpoB
2283	b1108	ycfP
2284	b1110	ycfJ
2285	b1112	bhsA
2286	b1113	ycfS
2287	b1114	mfd
2288	b1115	ycfT
2289	b1116	lolC
2290	b1117	lolD
2291	b1118	lolE
2292	b1120	cobB
2293	b1121	ycfZ
2294	b1122	ymfA
2295	b1127	pepT
2296	b1128	ycfD
2297	b1129	phoQ
2298	b1132	hflD
2299	b1133	mnmA
2300	b1135	rluE
2301	b1137	ymfD
2302	b1138	ymfE
2303	b1139	lit
2304	b1140	intE
2305	b1141	xisE
2306	b1142	ymfH
2307	b1143	ymfI
2308	b1144	ymfJ
2309	b1145	ymfK
2310	b1148	ymfM
2311	b1150	ymfR
2312	b1151	ymfO
2313	b1152	ymfP
2314	b1153	ymfQ
2315	b1154	ycfK
2316	b1155	ymfS
2317	b1156	tfaE
2318	b1157	stfE
2319	b1158	pinE
2320	b1159	mcrA
2321	b1160	iraM
2322	b1161	ycgX
2323	b1163	bluF
2324	b1164	ycgZ
2325	b1165	ymgA
2326	b1166	ariR
2327	b1167	ymgC
2328	b1168	ycgG
2329	b1169	ycgH_1
2330	b1170	ycgH_2
2331	b1171	ymgD
2332	b1172	ymgG
2333	b1174	minE
2334	b1175	minD
2335	b1176	minC
2336	b1177	ycgJ
2337	b1178	pliG
2338	b1179	ycgL
2339	b1180	ycgM
2340	b1181	ycgN
2341	b1182	hlyE
2342	b1183	umuD
2343	b1184	umuC
2344	b1188	ycgB
2345	b1191	cvrA
2346	b1194	ycgR
2347	b1195	ymgE
2348	b1196	ycgY
2349	b1202	ycgV
2350	b1203	ychF
2351	b1204	pth
2352	b1205	ychH
2353	b1209	lolB
2354	b1211	prfA
2355	b1212	prmC
2356	b1217	chaB
2357	b1218	chaC
2358	b1219	ychN
2359	b1220	ychO
2360	b1222	narX
2361	b1228	ychS
2362	b1229	tpr
2363	b1233	ychJ
2364	b1234	rssA
2365	b1235	rssB
2366	b1239	ychG_2
2367	b1240	ychG_1
2368	b1242	ychE
2369	b1248	yciU
2370	b1251	yciI
2371	b1253	yciA
2372	b1254	yciB
2373	b1255	yciC
2374	b1256	ompW
2375	b1257	yciE
2376	b1258	yciF
2377	b1259	yciG
2378	b1265	trpL
2379	b1266	yciV
2380	b1267	yciO
2381	b1268	yciQ
2382	b1269	rluB
2383	b1271	yciK
2384	b1272	sohB
2385	b1273	yciN
2386	b1274	topA
2387	b1279	yciS
2388	b1280	yciM
2389	b1282	yciH
2390	b1283	osmB
2391	b1285	gmr
2392	b1286	rnb
2393	b1287	yciW
2394	b1289	ycjD
2395	b1290	sapF
2396	b1292	sapC
2397	b1293	sapB
2398	b1294	sapA
2399	b1295	ymjA
2400	b1304	pspA
2401	b1307	pspD
2402	b1309	ycjM
2403	b1310	ycjN
2404	b1311	ycjO
2405	b1312	ycjP
2406	b1313	ycjQ
2407	b1314	ycjR
2408	b1315	ycjS
2409	b1316	ycjT
2410	b1317	ycjU
2411	b1318	ycjV
2412	b1321	ycjX
2413	b1322	ycjF
2414	b1324	tpx
2415	b1327	ycjY
2416	b1330	ynaI
2417	b1332	ynaJ
2418	b1333	uspE
2419	b1335	ogt
2420	b1336	abgT
2421	b1337	abgB
2422	b1338	abgA
2423	b1340	smrA
2424	b1341	ydaM
2425	b1342	ydaN
2426	b1343	dbpA
2427	b1344	ttcA
2428	b1345	intR
2429	b1346	ydaQ
2430	b1347	rcbA
2431	b1348	lar
2432	b1349	recT
2433	b1350	recE
2434	b1351	racC
2435	b1352	kilR
2436	b1353	sieB
2437	b1354	b1354
2438	b1355	ydaG
2439	b1358	ydaT
2440	b1359	ydaU
2441	b1360	ydaV
2442	b1361	ydaW
2443	b1362	rzpR
2444	b1364	b1364
2445	b1365	ynaK
2446	b1366	ydaY
2447	b1367	b1367
2448	b1368	ynaA
2449	b1369	lomR_1
2450	b1370	insH-5
2451	b1371	lomR_2
2452	b1372	stfR
2453	b1374	pinR
2454	b1375	ynaE
2455	b1376	uspF
2456	b1379	hslJ
2457	b1381	ydbH
2458	b1382	ynbE
2459	b1383	ydbL
2460	b1396	paaI
2461	b1400	paaY
2462	b1401	ydbA_1
2463	b1405	ydbA_2
2464	b1406	ydbC
2465	b1407	ydbD
2466	b1408	ynbA
2467	b1409	ynbB
2468	b1410	ynbC
2469	b1411	ynbD
2470	b1412	azoR
2471	b1413	hrpA
2472	b1414	ydcF
2473	b1416	gapC_2
2474	b1417	gapC_1
2475	b1418	cybB
2476	b1419	ydcA
2477	b1420	mokB
2478	b1421	trg
2479	b1423	ydcJ
2480	b1424	mdoD
2481	b1425	b1425
2482	b1426	ydcH
2483	b1427	rimL
2484	b1428	ydcK
2485	b1429	tehA
2486	b1430	tehB
2487	b1431	ydcL
2488	b1432	ydcM
2489	b1433	ydcO
2490	b1435	ydcP
2491	b1436	yncJ
2492	b1437	b1437
2493	b1438	hicB
2494	b1445	ydcX
2495	b1446	ydcY
2496	b1447	ydcZ
2497	b1448	mnaT
2498	b1449	curA
2499	b1451	yncD
2500	b1452	yncE
2501	b1454	yncG
2502	b1455	yncH
2503	b1456	rhsE
2504	b1457	ydcD
2505	b1458	yncI
2506	b1461	pptA
2507	b1462	yddH
2508	b1464	yddE
2509	b1470	yddJ
2510	b1471	yddK
2511	b1472	yddL
2512	b1480	sra
2513	b1481	bdm
2514	b1482	osmC
2515	b1490	dosC
2516	b1491	yddW
2517	b1494	pqqL
2518	b1495	yddB
2519	b1496	yddA
2520	b1498	ydeN
2521	b1500	safA
2522	b1501	ydeP
2523	b1502	ydeQ
2524	b1503	ydeR
2525	b1504	ydeS
2526	b1505	ydeT
2527	b1509	ydeU
2528	b1510	ydeK
2529	b1511	lsrK
2530	b1513	lsrA
2531	b1514	lsrC
2532	b1515	lsrD
2533	b1516	lsrB
2534	b1517	lsrF
2535	b1518	lsrG
2536	b1520	yneE
2537	b1522	yneF
2538	b1523	yneG
2539	b1527	yneK
2540	b1529	marC
2541	b1532	marB
2542	b1534	ydeE
2543	b1535	ydeH
2544	b1536	ydeI
2545	b1537	ydeJ
2546	b1538	dcp
2547	b1541	ydfZ
2548	b1542	ydfI
2549	b1543	ydfJ
2550	b1546	tfaQ
2551	b1547	ydfN
2552	b1548	nohA
2553	b1549	ydfO
2554	b1550	gnsB
2555	b1551	ynfN
2556	b1552	cspI
2557	b1553	ydfP
2558	b1554	rrrQ
2559	b1555	ydfR
2560	b1556	essQ
2561	b1558	cspF
2562	b1559	ydfT
2563	b1560	ydfU
2564	b1561	rem
2565	b1562	hokD
2566	b1563	relE
2567	b1565	ydfV
2568	b1566	flxA
2569	b1567	ydfW
2570	b1568	ydfX
2571	b1571	ydfA
2572	b1572	ydfB
2573	b1573	rzpQ
2574	b1574	dicF
2575	b1575	dicB
2576	b1576	ydfD
2577	b1577	ydfE
2578	b1579	intQ
2579	b1580	rspB
2580	b1581	rspA
2581	b1582	ynfA
2582	b1583	ynfB
2583	b1585	ynfC
2584	b1586	ynfD
2585	b1591	dmsD
2586	b1593	ynfK
2587	b1596	ynfM
2588	b1597	asr
2589	b1598	ydgD
2590	b1601	tqsA
2591	b1604	ydgH
2592	b1607	ydgC
2593	b1609	rstB
2594	b1610	tus
2595	b1614	ydgA
2596	b1615	uidC
2597	b1616	uidB
2598	b1617	uidA
2599	b1619	hdhA
2600	b1624	ydgJ
2601	b1625	cnu
2602	b1626	ydgK
2603	b1627	rsxA
2604	b1628	rsxB
2605	b1629	rsxC
2606	b1630	rsxD
2607	b1631	rsxG
2608	b1632	rsxE
2609	b1633	nth
2610	b1635	gstA
2611	b1639	mliC
2612	b1641	slyB
2613	b1643	ydhI
2614	b1644	ydhJ
2615	b1645	ydhK
2616	b1647	ydhF
2617	b1648	ydhL
2618	b1650	nemA
2619	b1652	rnt
2620	b1653	lhr
2621	b1655	ydhO
2622	b1657	ydhP
2623	b1660	ydhC
2624	b1663	mdtK
2625	b1664	ydhQ
2626	b1667	ydhR
2627	b1668	ydhS
2628	b1669	ydhT
2629	b1670	ydhU
2630	b1671	ydhX
2631	b1672	ydhW
2632	b1673	ydhV
2633	b1674	ydhY
2634	b1675	ydhZ
2635	b1678	ynhG
2636	b1685	ydiH
2637	b1686	ydiI
2638	b1687	ydiJ
2639	b1688	ydiK
2640	b1689	ydiL
2641	b1690	ydiM
2642	b1691	ydiN
2643	b1694	ydiF
2644	b1695	ydiO
2645	b1697	ydiQ
2646	b1698	ydiR
2647	b1699	ydiS
2648	b1700	ydiT
2649	b1703	ppsR
2650	b1705	ydiE
2651	b1706	ydiU
2652	b1707	ydiV
2653	b1708	nlpC
2654	b1715	pheM
2655	b1716	rplT
2656	b1717	rpmI
2657	b1718	infC
2658	b1720	arpB_1
2659	b1721	arpB_2
2660	b1722	ydiY
2661	b1724	ydiZ
2662	b1725	yniA
2663	b1726	yniB
2664	b1727	yniC
2665	b1728	ydjM
2666	b1729	ydjN
2667	b1730	ydjO
2668	b1731	cedA
2669	b1733	chbG
2670	b1736	chbA
2671	b1737	chbC
2672	b1738	chbB
2673	b1741	cho
2674	b1742	ves
2675	b1743	spy
2676	b1749	xthA
2677	b1750	ydjX
2678	b1751	ydjY
2679	b1752	ydjZ
2680	b1753	ynjA
2681	b1754	ynjB
2682	b1755	ynjC
2683	b1756	ynjD
2684	b1757	ynjE
2685	b1758	ynjF
2686	b1760	ynjH
2687	b1762	ynjI
2688	b1763	topB
2689	b1765	ydjA
2690	b1766	sppA
2691	b1769	ydjE
2692	b1771	ydjG
2693	b1772	ydjH
2694	b1774	ydjJ
2695	b1775	ydjK
2696	b1776	ydjL
2697	b1777	yeaC
2698	b1780	yeaD
2699	b1782	mipA
2700	b1783	yeaG
2701	b1784	yeaH
2702	b1785	yeaI
2703	b1786	yeaJ
2704	b1787	yeaK
2705	b1788	yoaI
2706	b1789	yeaL
2707	b1791	yeaN
2708	b1792	yeaO
2709	b1793	yoaF
2710	b1794	yeaP
2711	b1795	yeaQ
2712	b1796	yoaG
2713	b1797	yeaR
2714	b1798	leuE
2715	b1802	yeaW
2716	b1803	yeaX
2717	b1804	rnd
2718	b1806	yeaY
2719	b1807	tsaB
2720	b1808	yoaA
2721	b1809	yoaB
2722	b1810	yoaC
2723	b1811	yoaH
2724	b1813	nudL
2725	b1815	yoaD
2726	b1816	yoaE
2727	b1820	yobD
2728	b1821	mntP
2729	b1822	rlmA
2730	b1824	yobF
2731	b1825	yebO
2732	b1826	mgrB
2733	b1828	yebQ
2734	b1829	htpX
2735	b1830	prc
2736	b1831	proQ
2737	b1832	msrC
2738	b1833	yebS
2739	b1834	yebT
2740	b1835	rsmF
2741	b1836	yebV
2742	b1837	yebW
2743	b1838	pphA
2744	b1839	yebY
2745	b1840	yebZ
2746	b1841	yobA
2747	b1842	holE
2748	b1843	yobB
2749	b1844	exoX
2750	b1845	ptrB
2751	b1846	yebE
2752	b1847	yebF
2753	b1848	yebG
2754	b1856	yebA
2755	b1860	ruvB
2756	b1861	ruvA
2757	b1862	yebB
2758	b1863	ruvC
2759	b1864	yebC
2760	b1867	yecD
2761	b1868	yecE
2762	b1869	yecN
2763	b1870	cmoA
2764	b1871	cmoB
2765	b1874	cutC
2766	b1875	yecM
2767	b1877	yecT
2768	b1878	flhE
2769	b1879	flhA
2770	b1880	flhB
2771	b1881	cheZ
2772	b1882	cheY
2773	b1883	cheB
2774	b1884	cheR
2775	b1885	tap
2776	b1886	tar
2777	b1887	cheW
2778	b1888	cheA
2779	b1889	motB
2780	b1890	motA
2781	b1895	uspC
2782	b1898	araH_2
2783	b1902	ftnB
2784	b1903	b1903
2785	b1904	yecR
2786	b1905	ftnA
2787	b1906	yecH
2788	b1908	yecA
2789	b1913	uvrC
2790	b1915	yecF
2791	b1917	yecC
2792	b1918	yecS
2793	b1920	fliY
2794	b1923	fliC
2795	b1924	fliD
2796	b1925	fliS
2797	b1926	fliT
2798	b1928	yedD
2799	b1929	yedE
2800	b1930	yedF
2801	b1931	yedK
2802	b1932	yedL
2803	b1933	yedN_2
2804	b1934	yedN_1
2805	b1935	yedM
2806	b1936	intG
2807	b1937	fliE
2808	b1938	fliF
2809	b1939	fliG
2810	b1940	fliH
2811	b1941	fliI
2812	b1942	fliJ
2813	b1943	fliK
2814	b1944	fliL
2815	b1945	fliM
2816	b1946	fliN
2817	b1947	fliO
2818	b1948	fliP
2819	b1949	fliQ
2820	b1950	fliR
2821	b1952	dsrB
2822	b1953	yodD
2823	b1954	dsrA
2824	b1955	yedP
2825	b1956	yedQ
2826	b1957	yodC
2827	b1958	yedI
2828	b1959	yedA
2829	b1960	vsr
2830	b1961	dcm
2831	b1962	yedJ
2832	b1963	yedR
2833	b1964	yedS_1
2834	b1965	yedS_2
2835	b1966	yedS_3
2836	b1967	hchA
2837	b1968	yedV
2838	b1970	yedX
2839	b1971	yedY
2840	b1972	yedZ
2841	b1973	zinT
2842	b1974	yodB
2843	b1976	mtfA
2844	b1978	yeeJ
2845	b1979	yeeL_2
2846	b1980	yeeL_1
2847	b1983	yeeN
2848	b1985	yeeO
2849	b1990	erfK
2850	b1995	yoeA
2851	b1998	yoeE
2852	b1999	yeeP
2853	b2000	flu
2854	b2001	yeeR
2855	b2002	yeeS
2856	b2003	yeeT
2857	b2004	cbeA
2858	b2005	cbtA
2859	b2006	yeeW
2860	b2007	yeeX
2861	b2008	yeeA
2862	b2009	sbmC
2863	b2011	sbcB
2864	b2012	yeeD
2865	b2013	yeeE
2866	b2014	plaP
2867	b2016	yeeZ
2868	b2018	hisL
2869	b2031	wbbL_1
2870	b2042	galF
2871	b2043	wcaM
2872	b2044	wcaL
2873	b2046	wzxC
2874	b2047	wcaJ
2875	b2050	wcaI
2876	b2054	wcaF
2877	b2055	wcaE
2878	b2056	wcaD
2879	b2057	wcaC
2880	b2058	wcaB
2881	b2059	wcaA
2882	b2060	wzc
2883	b2061	wzb
2884	b2062	wza
2885	b2063	yegH
2886	b2064	asmA
2887	b2067	yegE
2888	b2068	alkA
2889	b2069	yegD
2890	b2070	yegI
2891	b2071	yegJ
2892	b2072	yegK
2893	b2073	yegL
2894	b2074	mdtA
2895	b2075	mdtB
2896	b2076	mdtC
2897	b2077	mdtD
2898	b2078	baeS
2899	b2080	yegP
2900	b2081	yegQ
2901	b2083	yegZ
2902	b2084	b2084
2903	b2085	yegR
2904	b2086	yegS
2905	b2090	gatR_2
2906	b2098	yegT
2907	b2099	yegU
2908	b2100	yegV
2909	b2102	yegX
2910	b2106	rcnA
2911	b2107	rcnB
2912	b2108	yehA
2913	b2109	yehB
2914	b2110	yehC
2915	b2111	yehD
2916	b2112	yehE
2917	b2113	mrp
2918	b2115	molR_1
2919	b2116	molR_2
2920	b2117	molR_3
2921	b2118	yehI
2922	b2119	yehL
2923	b2120	yehM
2924	b2121	yehP
2925	b2122	yehQ
2926	b2123	yehR
2927	b2124	yehS
2928	b2126	yehU
2929	b2135	yohC
2930	b2136	yohD
2931	b2137	yohF
2932	b2138	mdtQ
2933	b2139	yohH
2934	b2140	dusC
2935	b2141	yohJ
2936	b2142	yohK
2937	b2144	sanA
2938	b2145	yeiS
2939	b2152	yeiB
2940	b2158	yeiH
2941	b2159	nfo
2942	b2160	yeiI
2943	b2161	nupX
2944	b2164	yeiM
2945	b2165	psuG
2946	b2166	psuK
2947	b2171	yeiP
2948	b2172	yeiQ
2949	b2173	yeiR
2950	b2175	spr
2951	b2176	rtn
2952	b2177	yejA
2953	b2178	yejB
2954	b2179	yejE
2955	b2180	yejF
2956	b2181	yejG
2957	b2182	bcr
2958	b2183	rsuA
2959	b2184	yejH
2960	b2185	rplY
2961	b2186	yejK
2962	b2187	yejL
2963	b2188	yejM
2964	b2190	yejO
2965	b2194	ccmH
2966	b2195	ccmG
2967	b2196	ccmF
2968	b2207	napD
2969	b2208	napF
2970	b2209	eco
2971	b2211	yojI
2972	b2212	alkB
2973	b2214	apbE
2974	b2216	rcsD
2975	b2218	rcsC
2976	b2219	atoS
2977	b2225	yfaP
2978	b2226	yfaQ
2979	b2227	yfaS_2
2980	b2228	yfaS_1
2981	b2229	yfaT
2982	b2230	yfaA
2983	b2231	gyrA
2984	b2233	yfaL
2985	b2236	yfaE
2986	b2237	inaA
2987	b2238	yfaH
2988	b2244	yfaD
2989	b2247	yfaW
2990	b2249	yfaY
2991	b2250	yfaZ
2992	b2252	ais
2993	b2259	pmrD
2994	b2266	elaB
2995	b2267	elaA
2996	b2268	ecoZ
2997	b2269	elaD
2998	b2270	yfbK
2999	b2271	yfbL
3000	b2272	yfbM
3001	b2273	yfbN
3002	b2274	yfbO
3003	b2275	yfbP
3004	b2292	yfbS
3005	b2293	yfbT
3006	b2294	yfbU
3007	b2295	yfbV
3008	b2298	yfcC
3009	b2299	yfcD
3010	b2300	yfcE
3011	b2301	yfcF
3012	b2302	yfcG
3013	b2304	yfcH
3014	b2305	yfcI
3015	b2313	cvpA
3016	b2314	dedD
3017	b2317	dedA
3018	b2318	truA
3019	b2319	usg
3020	b2321	flk
3021	b2322	yfcJ
3022	b2324	mnmC
3023	b2325	yfcL
3024	b2326	epmC
3025	b2327	yfcA
3026	b2330	prmB
3027	b2331	smrB
3028	b2332	yfcO
3029	b2333	yfcP
3030	b2334	yfcQ
3031	b2335	yfcR
3032	b2336	yfcS
3033	b2337	yfcT
3034	b2338	yfcU
3035	b2339	yfcV
3036	b2340	sixA
3037	b2343	yfcZ
3038	b2345	yfdF
3039	b2346	mlaA
3040	b2347	yfdC
3041	b2349	intS
3042	b2350	yfdG
3043	b2351	yfdH
3044	b2352	yfdI
3045	b2353	tfaS
3046	b2354	yfdK
3047	b2355	yfdL
3048	b2356	yfdM
3049	b2357	yfdN
3050	b2358	yfdO
3051	b2359	yfdP
3052	b2360	yfdQ
3053	b2361	yfdR
3054	b2362	yfdS
3055	b2363	yfdT
3056	b2367	emrY
3057	b2368	emrK
3058	b2370	evgS
3059	b2371	yfdE
3060	b2372	yfdV
3061	b2375	yfdX
3062	b2376	ypdI
3063	b2377	yfdY
3064	b2380	ypdA
3065	b2383	fryA
3066	b2384	ypdE
3067	b2385	ypdF
3068	b2386	fryC
3069	b2387	fryB
3070	b2389	yfeO
3071	b2390	ypeC
3072	b2395	yfeA
3073	b2408	yfeN
3074	b2410	yfeH
3075	b2412	zipA
3076	b2413	cysZ
3077	b2419	yfeK
3078	b2420	yfeS
3079	b2426	ucpA
3080	b2430	yfeW
3081	b2431	yfeX
3082	b2432	yfeY
3083	b2433	yfeZ
3084	b2434	ypeA
3085	b2438	eutK
3086	b2439	eutL
3087	b2442	intZ
3088	b2443	yffL
3089	b2444	yffM
3090	b2445	yffN
3091	b2446	yffO
3092	b2447	yffP
3093	b2448	yffQ
3094	b2449	yffR
3095	b2450	yffS
3096	b2451	eutA
3097	b2452	eutH
3098	b2453	eutG
3099	b2454	eutJ
3100	b2455	eutE
3101	b2456	eutN
3102	b2457	eutM
3103	b2459	eutT
3104	b2460	eutQ
3105	b2461	eutP
3106	b2462	eutS
3107	b2466	ypfG
3108	b2468	aegA
3109	b2469	narQ
3110	b2471	yffB
3111	b2473	ypfH
3112	b2474	tmcA
3113	b2475	ypfJ
3114	b2477	bamC
3115	b2493	yfgO
3116	b2494	yfgC
3117	b2495	yfgD
3118	b2496	hda
3119	b2503	yfgF
3120	b2504	yfgG
3121	b2505	yfgH
3122	b2506	yfgI
3123	b2509	xseA
3124	b2510	yfgJ
3125	b2511	der
3126	b2512	bamB
3127	b2513	yfgM
3128	b2516	rodZ
3129	b2517	rlmN
3130	b2520	yfhM
3131	b2522	sseB
3132	b2524	iscX
3133	b2525	fdx
3134	b2526	hscA
3135	b2527	hscB
3136	b2532	trmJ
3137	b2534	yfhR
3138	b2535	csiE
3139	b2543	yphA
3140	b2544	yphB
3141	b2545	yphC
3142	b2546	yphD
3143	b2547	yphE
3144	b2548	yphF
3145	b2549	yphG
3146	b2553	glnB
3147	b2555	yfhG
3148	b2556	glrK
3149	b2559	tadA
3150	b2560	pgpC
3151	b2562	yfhL
3152	b2565	recO
3153	b2566	era
3154	b2567	rnc
3155	b2568	lepB
3156	b2569	lepA
3157	b2572	rseA
3158	b2575	yfiC
3159	b2576	srmB
3160	b2580	ung
3161	b2581	yfiF
3162	b2583	yfiP
3163	b2584	pka
3164	b2586	yfiM
3165	b2589	rrlG
3166	b2591	rrsG
3167	b2592	clpB
3168	b2593	yfiH
3169	b2594	rluD
3170	b2595	bamD
3171	b2596	b2596
3172	b2597	raiA
3173	b2598	pheL
3174	b2602	yfiL
3175	b2603	yfiR
3176	b2604	yfiN
3177	b2605	yfiB
3178	b2606	rplS
3179	b2607	trmD
3180	b2608	rimM
3181	b2609	rpsP
3182	b2610	ffh
3183	b2611	ypjD
3184	b2614	grpE
3185	b2616	recN
3186	b2617	bamE
3187	b2618	ratB
3188	b2619	ratA
3189	b2620	smpB
3190	b2621	ssrA
3191	b2622	intA
3192	b2623	yfjH
3193	b2625	yfjI
3194	b2626	yfjJ
3195	b2627	yfjK
3196	b2628	yfjL
3197	b2629	yfjM
3198	b2630	rnlA
3199	b2631	rnlB
3200	b2632	yfjP
3201	b2633	yfjQ
3202	b2636	yfjS
3203	b2637	yfjT
3204	b2638	yfjU
3205	b2639	ypjM_3
3206	b2640	ypjM_2
3207	b2641	ypjM_1
3208	b2642	yfjW
3209	b2643	yfjX
3210	b2644	yfjY
3211	b2645	yfjZ
3212	b2646	ypjF
3213	b2647	ypjA
3214	b2648	pinH
3215	b2649	ypjB
3216	b2650	ypjC
3217	b2651	b2651
3218	b2653	b2653
3219	b2654	ygaQ_1
3220	b2657	ygaQ_3
3221	b2658	ygaQ_4
3222	b2659	csiD
3223	b2660	lhgO
3224	b2665	ygaU
3225	b2666	yqaE
3226	b2668	ygaP
3227	b2670	alaE
3228	b2671	ygaC
3229	b2672	ygaM
3230	b2673	nrdH
3231	b2674	nrdI
3232	b2680	ygaX
3233	b2681	ygaY
3234	b2685	emrA
3235	b2686	emrB
3236	b2689	yqaA
3237	b2696	csrA
3238	b2698	recX
3239	b2699	recA
3240	b2700	pncC
3241	b2712	hypF
3242	b2713	hydN
3243	b2716	ascB
3244	b2717	hycI
3245	b2718	hycH
3246	b2726	hypA
3247	b2727	hypB
3248	b2728	hypC
3249	b2729	hypD
3250	b2730	hypE
3251	b2732	ygbA
3252	b2733	mutS
3253	b2734	pphB
3254	b2736	ygbJ
3255	b2737	ygbK
3256	b2739	ygbM
3257	b2740	ygbN
3258	b2742	nlpD
3259	b2743	pcm
3260	b2745	truD
3261	b2748	ftsB
3262	b2749	ygbE
3263	b2753	iap
3264	b2754	cas2
3265	b2755	cas1
3266	b2756	casE
3267	b2757	casD
3268	b2758	casC
3269	b2759	casB
3270	b2760	casA
3271	b2761	cas3
3272	b2766	ygcN
3273	b2767	ygcO
3274	b2768	ygcP
3275	b2769	ygcQ
3276	b2770	ygcR
3277	b2771	ygcS
3278	b2774	ygcW
3279	b2775	yqcE
3280	b2776	ygcE
3281	b2777	queE
3282	b2778	ygcG
3283	b2782	mazF
3284	b2783	mazE
3285	b2785	rlmD
3286	b2786	barA
3287	b2790	yqcA
3288	b2791	truC
3289	b2792	yqcC
3290	b2793	syd
3291	b2795	ygdH
3292	b2798	ygdG
3293	b2804	fucU
3294	b2806	rlmM
3295	b2807	ygdD
3296	b2809	ygdI
3297	b2811	csdE
3298	b2812	csdL
3299	b2819	recD
3300	b2820	recB
3301	b2821	ptrA
3302	b2822	recC
3303	b2823	ppdC
3304	b2824	ygdB
3305	b2825	ppdB
3306	b2826	ppdA
3307	b2828	lgt
3308	b2829	ptsP
3309	b2830	rppH
3310	b2831	mutH
3311	b2832	ygdQ
3312	b2833	ygdR
3313	b2834	tas
3314	b2840	ygeA
3315	b2842	kduD
3316	b2843	kduI
3317	b2844	yqeF
3318	b2845	yqeG
3319	b2846	yqeH
3320	b2847	yqeI
3321	b2848	yqeJ
3322	b2849	yqeK
3323	b2850	ygeF
3324	b2851	ygeG
3325	b2853	ygeI
3326	b2854	pbl
3327	b2857	ygeM
3328	b2858	ygeN
3329	b2859	ygeO
3330	b2862	ygeP
3331	b2863	ygeQ
3332	b2865	ygeR
3333	b2870	ygeW
3334	b2872	ygeY
3335	b2873	hyuA
3336	b2875	yqeB
3337	b2876	yqeC
3338	b2878	ygfK
3339	b2879	ssnA
3340	b2880	ygfM
3341	b2881	xdhD
3342	b2886	ygfS
3343	b2887	ygfT
3344	b2888	uacT
3345	b2891	prfB
3346	b2892	recJ
3347	b2894	xerD
3348	b2896	cptA
3349	b2897	cptB
3350	b2898	ygfZ
3351	b2899	yqfA
3352	b2900	yqfB
3353	b2902	ygfF
3354	b2906	visC
3355	b2908	pepP
3356	b2909	ygfB
3357	b2910	zapA
3358	b2911	ssrS
3359	b2915	yqfE
3360	b2918	argK
3361	b2922	yggE
3362	b2924	mscS
3363	b2928	yggC
3364	b2933	cmtA
3365	b2934	cmtB
3366	b2936	loiP
3367	b2939	yqgB
3368	b2940	yqgC
3369	b2941	yqgD
3370	b2944	yggI
3371	b2945	endA
3372	b2946	rsmE
3373	b2948	yqgE
3374	b2949	yqgF
3375	b2950	yggR
3376	b2951	yggS
3377	b2952	yggT
3378	b2953	yggU
3379	b2955	yggW
3380	b2956	yggM
3381	b2958	yggN
3382	b2959	yggL
3383	b2960	trmI
3384	b2961	mutY
3385	b2962	yggX
3386	b2966	yqgA
3387	b2968	yghD
3388	b2969	yghE
3389	b2970	yghF
3390	b2971	yghG
3391	b2972	pppA
3392	b2977	glcG
3393	b2983	yghQ
3394	b2984	yghR
3395	b2985	yghS
3396	b2986	yghT
3397	b2989	yghU
3398	b2990	hybG
3399	b2991	hybF
3400	b2992	hybE
3401	b2993	hybD
3402	b2998	yghW
3403	b2999	yghX_1
3404	b3000	yghX_2
3405	b3002	yqhA
3406	b3003	yghA
3407	b3004	b3004
3408	b3007	b3007
3409	b3009	yghB
3410	b3011	yqhD
3411	b3013	yqhG
3412	b3014	yqhH
3413	b3017	ftsP
3414	b3019	parC
3415	b3020	ygiS
3416	b3022	mqsR
3417	b3024	ygiW
3418	b3026	qseC
3419	b3027	ygiZ
3420	b3030	parE
3421	b3031	yqiA
3422	b3032	cpdA
3423	b3033	yqiB
3424	b3036	ygiA
3425	b3037	ygiB
3426	b3038	ygiC
3427	b3039	ygiD
3428	b3042	yqiC
3429	b3043	ygiL
3430	b3046	yqiG
3431	b3047	yqiH
3432	b3048	yqiI
3433	b3049	glgS
3434	b3050	yqiJ
3435	b3051	yqiK
3436	b3053	glnE
3437	b3054	ygiF
3438	b3055	ygiM
3439	b3056	cca
3440	b3064	tsaD
3441	b3065	rpsU
3442	b3066	dnaG
3443	b3068	mug
3444	b3070	yqjH
3445	b3072	aer
3446	b3074	ygjH
3447	b3076	ebgA
3448	b3077	ebgC
3449	b3078	ygjI
3450	b3079	ygjJ
3451	b3080	ygjK
3452	b3081	fadH
3453	b3083	higB
3454	b3084	rlmG
3455	b3085	ygjP
3456	b3086	ygjQ
3457	b3087	ygjR
3458	b3088	alx
3459	b3090	ygjV
3460	b3095	yqjA
3461	b3096	mzrA
3462	b3097	yqjC
3463	b3098	yqjD
3464	b3099	yqjE
3465	b3100	yqjK
3466	b3101	yqjF
3467	b3102	yqjG
3468	b3103	yhaH
3469	b3104	yhaI
3470	b3106	yhaK
3471	b3107	yhaL
3472	b3110	yhaO
3473	b3113	tdcF
3474	b3120	yhaB
3475	b3121	yhaC
3476	b3123	rnpB
3477	b3129	prlF
3478	b3130	yhaV
3479	b3133	agaV
3480	b3134	agaW
3481	b3135	agaA
3482	b3136	agaS
3483	b3138	agaB
3484	b3139	agaC
3485	b3140	agaD
3486	b3141	agaI
3487	b3142	yraH
3488	b3143	yraI
3489	b3144	yraJ
3490	b3145	yraK
3491	b3146	rsmI
3492	b3147	lpoA
3493	b3148	yraN
3494	b3149	diaA
3495	b3150	yraP
3496	b3151	yraQ
3497	b3152	yraR
3498	b3153	yhbO
3499	b3154	yhbP
3500	b3155	yhbQ
3501	b3156	yhbS
3502	b3157	yhbT
3503	b3158	yhbU
3504	b3159	yhbV
3505	b3160	yhbW
3506	b3162	deaD
3507	b3163	nlpI
3508	b3164	pnp
3509	b3165	rpsO
3510	b3166	truB
3511	b3167	rbfA
3512	b3168	infB
3513	b3169	nusA
3514	b3170	rimP
3515	b3173	yhbX
3516	b3175	secG
3517	b3178	ftsH
3518	b3179	rlmE
3519	b3180	yhbY
3520	b3181	greA
3521	b3183	obgE
3522	b3184	yhbE
3523	b3185	rpmA
3524	b3186	rplU
3525	b3191	mlaB
3526	b3192	mlaC
3527	b3193	mlaD
3528	b3194	mlaE
3529	b3195	mlaF
3530	b3203	hpf
3531	b3204	ptsN
3532	b3205	yhbJ
3533	b3206	npr
3534	b3207	yrbL
3535	b3208	mtgA
3536	b3209	elbB
3537	b3210	arcB
3538	b3211	yhcC
3539	b3214	gltF
3540	b3215	yhcA
3541	b3216	yhcD
3542	b3217	ychE_1
3543	b3220	yhcG
3544	b3221	yhcH
3545	b3227	dcuD
3546	b3228	sspB
3547	b3229	sspA
3548	b3230	rpsI
3549	b3231	rplM
3550	b3232	yhcM
3551	b3233	yhcB
3552	b3234	degQ
3553	b3235	degS
3554	b3238	yhcN
3555	b3239	yhcO
3556	b3240	aaeB
3557	b3241	aaeA
3558	b3242	aaeX
3559	b3244	tldD
3560	b3247	rng
3561	b3248	yhdE
3562	b3249	mreD
3563	b3250	mreC
3564	b3251	mreB
3565	b3252	csrD
3566	b3253	yhdH
3567	b3254	b3254
3568	b3257	yhdT
3569	b3259	prmA
3570	b3260	dusB
3571	b3262	yhdJ
3572	b3263	yhdU
3573	b3267	yhdV
3574	b3268	yhdW
3575	b3269	yhdX
3576	b3270	yhdY
3577	b3271	yhdZ
3578	b3279	yrdA
3579	b3280	yrdB
3580	b3282	tsaC
3581	b3283	yrdD
3582	b3284	smg
3583	b3285	smf_2
3584	b3286	smf_1
3585	b3287	def
3586	b3289	rsmB
3587	b3291	mscL
3588	b3293	yhdN
3589	b3294	rplQ
3590	b3295	rpoA
3591	b3296	rpsD
3592	b3297	rpsK
3593	b3298	rpsM
3594	b3299	rpmJ
3595	b3300	secY
3596	b3301	rplO
3597	b3302	rpmD
3598	b3303	rpsE
3599	b3304	rplR
3600	b3305	rplF
3601	b3306	rpsH
3602	b3307	rpsN
3603	b3308	rplE
3604	b3309	rplX
3605	b3310	rplN
3606	b3311	rpsQ
3607	b3312	rpmC
3608	b3313	rplP
3609	b3314	rpsC
3610	b3315	rplV
3611	b3316	rpsS
3612	b3317	rplB
3613	b3318	rplW
3614	b3319	rplD
3615	b3320	rplC
3616	b3321	rpsJ
3617	b3322	gspB
3618	b3323	gspA
3619	b3324	gspC
3620	b3325	gspD
3621	b3326	gspE
3622	b3327	gspF
3623	b3328	gspG
3624	b3329	gspH
3625	b3330	gspI
3626	b3331	gspJ
3627	b3332	gspK
3628	b3333	gspL
3629	b3334	gspM
3630	b3335	gspO
3631	b3336	bfr
3632	b3337	bfd
3633	b3338	chiA
3634	b3339	tufA
3635	b3340	fusA
3636	b3341	rpsG
3637	b3342	rpsL
3638	b3343	tusB
3639	b3344	tusC
3640	b3345	tusD
3641	b3347	fkpA
3642	b3348	slyX
3643	b3349	slyD
3644	b3351	kefG
3645	b3352	yheS
3646	b3353	yheT
3647	b3354	yheU
3648	b3355	prkB
3649	b3356	yhfA
3650	b3358	yhfK
3651	b3361	fic
3652	b3362	yhfG
3653	b3363	ppiA
3654	b3364	tsgA
3655	b3369	yhfL
3656	b3376	yhfS
3657	b3377	yhfT
3658	b3378	yhfU
3659	b3379	php
3660	b3381	yhfX
3661	b3382	yhfY
3662	b3383	yhfZ
3663	b3387	dam
3664	b3388	damX
3665	b3391	hofQ
3666	b3392	hofP
3667	b3393	hofO
3668	b3394	hofN
3669	b3395	hofM
3670	b3398	yrfF
3671	b3399	yrfG
3672	b3400	hslR
3673	b3401	hslO
3674	b3402	yhgE
3675	b3404	envZ
3676	b3406	greB
3677	b3407	yhgF
3678	b3408	feoA
3679	b3411	yhgA
3680	b3413	gntX
3681	b3414	nfuA
3682	b3421	rtcB
3683	b3424	glpG
3684	b3427	yzgL
3685	b3434	yhgN
3686	b3435	gntU_2
3687	b3439	yhhW
3688	b3440	yhhX
3689	b3441	yhhY
3690	b3442	yhhZ
3691	b3443	yrhA
3692	b3446	yrhB
3693	b3448	yhhA
3694	b3459	yhhK
3695	b3462	ftsX
3696	b3463	ftsE
3697	b3464	ftsY
3698	b3465	rsmD
3699	b3466	yhhL
3700	b3467	yhhM
3701	b3468	yhhN
3702	b3470	tusA
3703	b3471	yhhQ
3704	b3472	dcrB
3705	b3473	yhhS
3706	b3474	yhhT
3707	b3482	rhsB
3708	b3483	yhhH
3709	b3485	yhhJ
3710	b3486	rbbA
3711	b3487	yhiI
3712	b3488	yhiJ
3713	b3489	yhiK
3714	b3490	yhiL
3715	b3491	yhiM
3716	b3492	yhiN
3717	b3494	uspB
3718	b3495	uspA
3719	b3497	rsmJ
3720	b3498	prlC
3721	b3499	rlmJ
3722	b3504	yhiS_1
3723	b3506	slp
3724	b3508	yhiD
3725	b3509	hdeB
3726	b3510	hdeA
3727	b3511	hdeD
3728	b3513	mdtE
3729	b3514	mdtF
3730	b3518	yhjA
3731	b3522	yhjD
3732	b3523	yhjE
3733	b3524	yhjG
3734	b3525	yhjH
3735	b3527	yhjJ
3736	b3529	yhjK
3737	b3530	bcsC
3738	b3531	bcsZ
3739	b3532	bcsB
3740	b3533	bcsA
3741	b3534	bcsQ
3742	b3535	yhjR
3743	b3536	bcsE
3744	b3537	bcsF
3745	b3538	bcsG
3746	b3539	yhjV
3747	b3547	yhjX
3748	b3548	yhjY
3749	b3549	tag
3750	b3550	yiaC
3751	b3552	yiaD
3752	b3554	yiaF
3753	b3557	insJ
3754	b3558	insK
3755	b3561	wecH
3756	b3562	yiaA
3757	b3563	yiaB
3758	b3570	bax
3759	b3573	ysaA
3760	b3576	yiaL
3761	b3582	sgbU
3762	b3584	yiaT
3763	b3586	yiaV
3764	b3587	yiaW
3765	b3589	yiaY
3766	b3590	selB
3767	b3592	yibF
3768	b3594	yibA
3769	b3595	yibJ
3770	b3596	yibG
3771	b3597	yibH
3772	b3598	yibI
3773	b3602	yibL
3774	b3606	trmL
3775	b3609	secB
3776	b3611	yibN
3777	b3613	envC
3778	b3614	yibQ
3779	b3615	yibD
3780	b3618	htrL
3781	b3635	mutM
3782	b3636	rpmG
3783	b3637	rpmB
3784	b3638	yicR
3785	b3641	slmA
3786	b3643	rph
3787	b3644	yicC
3788	b3645	dinD
3789	b3646	yicG
3790	b3647	ligB
3791	b3649	rpoZ
3792	b3651	trmH
3793	b3652	recG
3794	b3655	yicH
3795	b3656	yicI
3796	b3657	yicJ
3797	b3659	setC
3798	b3660	yicL
3799	b3661	nlpA
3800	b3662	nepI
3801	b3663	yicN
3802	b3664	yicO
3803	b3667	uhpC
3804	b3668	uhpB
3805	b3672	ivbL
3806	b3673	emrD
3807	b3675	yidG
3808	b3676	yidH
3809	b3677	yidI
3810	b3678	yidJ
3811	b3681	glvG
3812	b3682	glvB
3813	b3683	glvC
3814	b3685	yidE
3815	b3686	ibpB
3816	b3687	ibpA
3817	b3688	yidQ
3818	b3689	yidR
3819	b3690	cbrA
3820	b3696	yidX
3821	b3697	yidA
3822	b3698	yidB
3823	b3699	gyrB
3824	b3700	recF
3825	b3701	dnaN
3826	b3703	rpmH
3827	b3704	rnpA
3828	b3705	yidC
3829	b3706	mnmE
3830	b3707	tnaC
3831	b3710	mdtL
3832	b3712	yieE
3833	b3713	yieF
3834	b3715	yieH
3835	b3716	cbrB
3836	b3717	cbrC
3837	b3718	yieK
3838	b3719	yieL
3839	b3720	bglH
3840	b3721	bglB
3841	b3723	bglG
3842	b3724	phoU
3843	b3740	rsmG
3844	b3741	mnmG
3845	b3742	mioC
3846	b3745	viaA
3847	b3746	ravA
3848	b3754	hsrA
3849	b3755	yieP
3850	b3763	pssR
3851	b3764	yifE
3852	b3765	yifB
3853	b3766	ilvL
3854	b3767	ilvG_1
3855	b3769	ilvM
3856	b3775	ppiC
3857	b3776	yifO
3858	b3777	yifN
3859	b3778	rep
3860	b3780	rhlB
3861	b3782	rhoL
3862	b3795	yifK
3863	b3800	aslB
3864	b3801	aslA
3865	b3802	hemY
3866	b3808	yzcX
3867	b3810	yigA
3868	b3811	xerC
3869	b3812	yigB
3870	b3813	uvrD
3871	b3817	yigF
3872	b3818	yigG
3873	b3819	rarD
3874	b3820	yigI
3875	b3822	recQ
3876	b3827	yigM
3877	b3830	ysgA
3878	b3832	rmuC
3879	b3834	yigP
3880	b3836	tatA
3881	b3838	tatB
3882	b3839	tatC
3883	b3840	yigW_1
3884	b3841	yigW_2
3885	b3847	pepQ
3886	b3848	yigZ
3887	b3858	yihD
3888	b3859	rdoA
3889	b3861	yihF
3890	b3862	yihG
3891	b3863	polA
3892	b3864	spf
3893	b3865	yihA
3894	b3866	yihI
3895	b3869	glnL
3896	b3871	typA
3897	b3873	yihM
3898	b3874	yihN
3899	b3876	yihO
3900	b3877	yihP
3901	b3878	yihQ
3902	b3879	yihR
3903	b3880	yihS
3904	b3881	yihT
3905	b3883	yihV
3906	b3885	yihX
3907	b3886	yihY
3908	b3887	dtd
3909	b3888	yiiD
3910	b3890	yiiF
3911	b3891	fdhE
3912	b3895	fdhD
3913	b3896	yiiG
3914	b3898	frvX
3915	b3899	frvB
3916	b3900	frvA
3917	b3901	rhaM
3918	b3910	yiiM
3919	b3911	cpxA
3920	b3920	yiiQ
3921	b3921	yiiR
3922	b3922	yiiS
3923	b3923	uspD
3924	b3928	zapB
3925	b3929	rraA
3926	b3931	hslU
3927	b3932	hslV
3928	b3933	ftsN
3929	b3935	priA
3930	b3936	rpmE
3931	b3937	yiiX
3932	b3943	yijE
3933	b3944	yijF
3934	b3947	ptsA
3935	b3949	frwC
3936	b3950	frwB
3937	b3953	frwD
3938	b3955	yijP
3939	b3964	yijD
3940	b3965	trmA
3941	b3975	b3975
3942	b3981	secE
3943	b3982	nusG
3944	b3983	rplK
3945	b3984	rplA
3946	b3985	rplJ
3947	b3986	rplL
3948	b3987	rpoB
3949	b3988	rpoC
3950	b3989	yjaZ
3951	b3995	rsd
3952	b3998	nfi
3953	b3999	yjaG
3954	b4001	yjaH
3955	b4002	zraP
3956	b4003	zraS
3957	b4011	yjaA
3958	b4012	yjaB
3959	b4016	aceK
3960	b4017	arpA
3961	b4020	yjbB
3962	b4021	pepE
3963	b4022	rluF
3964	b4023	pagB
3965	b4026	yjbE
3966	b4027	yjbF
3967	b4028	yjbG
3968	b4029	yjbH
3969	b4030	psiE
3970	b4037	malM
3971	b4038	yjbI
3972	b4044	dinF
3973	b4045	yjbJ
3974	b4047	yjbL
3975	b4048	yjbM
3976	b4049	dusA
3977	b4050	pspG
3978	b4051	qor
3979	b4052	dnaB
3980	b4056	yjbQ
3981	b4057	yjbR
3982	b4058	uvrA
3983	b4059	ssb
3984	b4060	yjcB
3985	b4061	yjcC
3986	b4064	yjcD
3987	b4065	yjcE
3988	b4066	yjcF
3989	b4068	yjcH
3990	b4074	nrfE
3991	b4075	nrfF
3992	b4076	nrfG
3993	b4078	yjcO
3994	b4080	sdsP
3995	b4081	sdsQ
3996	b4082	sdsR
3997	b4083	yjcS
3998	b4092	phnP
3999	b4093	phnO
4000	b4095	phnM
4001	b4096	phnL
4002	b4097	phnK
4003	b4098	phnJ
4004	b4099	phnI
4005	b4100	phnH
4006	b4101	phnG
4007	b4103	phnE_2
4008	b4104	phnE_1
4009	b4105	phnD
4010	b4106	phnC
4011	b4107	yjdN
4012	b4108	yjdM
4013	b4109	yjdA
4014	b4110	yjcZ
4015	b4112	basS
4016	b4114	eptA
4017	b4121	yjdF
4018	b4125	dcuS
4019	b4126	yjdI
4020	b4127	yjdJ
4021	b4128	yjdK
4022	b4137	cutA
4023	b4140	fxsA
4024	b4141	yjeH
4025	b4142	groS
4026	b4143	groL
4027	b4144	yjeI
4028	b4145	yjeJ
4029	b4146	epmB
4030	b4147	efp
4031	b4148	sugE
4032	b4149	blc
4033	b4150	ampC
4034	b4155	epmA
4035	b4156	yjeM
4036	b4157	yjeN
4037	b4158	yjeO
4038	b4159	yjeP
4039	b4162	orn
4040	b4166	queG
4041	b4167	yjeF
4042	b4168	tsaE
4043	b4170	mutL
4044	b4171	miaA
4045	b4172	hfq
4046	b4173	hflX
4047	b4174	hflK
4048	b4175	hflC
4049	b4176	yjeT
4050	b4179	rnr
4051	b4180	rlmB
4052	b4181	yjfI
4053	b4183	yjfK
4054	b4184	yjfL
4055	b4185	yjfM
4056	b4186	yjfC
4057	b4188	yjfN
4058	b4189	bsmA
4059	b4190	yjfP
4060	b4199	yjfY
4061	b4200	rpsF
4062	b4201	priB
4063	b4202	rpsR
4064	b4203	rplI
4065	b4204	yjfZ
4066	b4206	ytfB
4067	b4207	fklB
4068	b4210	ytfF
4069	b4211	ytfG
4070	b4215	ytfI
4071	b4216	ytfJ
4072	b4217	ytfK
4073	b4218	ytfL
4074	b4220	tamA
4075	b4221	tamB
4076	b4222	ytfP
4077	b4223	yzfA
4078	b4224	chpS
4079	b4225	chpB
4080	b4234	yjgA
4081	b4235	pmbA
4082	b4236	cybC
4083	b4243	ridA
4084	b4246	pyrL
4085	b4247	yjgG
4086	b4248	yjgH
4087	b4249	bdcA
4088	b4252	tabA
4089	b4253	yjgL
4090	b4255	rraB
4091	b4256	yjgM
4092	b4257	yjgN
4093	b4259	holC
4094	b4263	yjgR
4095	b4269	yjgB
4096	b4271	intB
4097	b4274	yjgW
4098	b4275	yjgX_2
4099	b4276	yjgX_1
4100	b4277	yjgZ
4101	b4278	insG
4102	b4279	yjhB
4103	b4280	yjhC
4104	b4281	yjhD
4105	b4282	yjhE
4106	b4283	insN-2
4107	b4285	insO-2
4108	b4286	yjhV
4109	b4294	insA-7
4110	b4296	yjhF
4111	b4297	yjhG
4112	b4298	yjhH
4113	b4302	sgcA
4114	b4303	sgcQ
4115	b4304	sgcC
4116	b4305	sgcX
4117	b4306	yjhP
4118	b4307	yjhQ
4119	b4308	yjhR
4120	b4309	nanS
4121	b4310	nanM
4122	b4312	fimB
4123	b4313	fimE
4124	b4314	fimA
4125	b4315	fimI
4126	b4316	fimC
4127	b4317	fimD
4128	b4318	fimF
4129	b4319	fimG
4130	b4320	fimH
4131	b4325	yjiC
4132	b4326	iraD
4133	b4328	iadA
4134	b4329	yjiG
4135	b4330	yjiH
4136	b4331	kptA
4137	b4332	yjiJ
4138	b4333	yjiK
4139	b4334	yjiL
4140	b4335	yjiM
4141	b4336	yjiN
4142	b4337	mdtM
4143	b4338	yjiP
4144	b4341	yjiS
4145	b4342	yjiT
4146	b4343	yjiU
4147	b4344	mcrD
4148	b4345	mcrC
4149	b4346	mcrB
4150	b4347	symE
4151	b4348	hsdS
4152	b4349	hsdM
4153	b4350	hsdR
4154	b4351	mrr
4155	b4352	yjiA
4156	b4353	yjiX
4157	b4354	yjiY
4158	b4355	tsr
4159	b4359	mdoB
4160	b4360	yjjA
4161	b4361	dnaC
4162	b4362	dnaT
4163	b4363	yjjB
4164	b4364	yjjP
4165	b4371	rsmC
4166	b4372	holD
4167	b4373	rimI
4168	b4375	prfC
4169	b4376	osmY
4170	b4377	yjjU
4171	b4378	yjjV
4172	b4379	yjjW
4173	b4380	yjjI
4174	b4387	ytjB
4175	b4389	radA
4176	b4391	yjjK
4177	b4397	creA
4178	b4399	creC
4179	b4400	creD
4180	b4402	yjjY
4181	b4403	yjtD
4182	b4461	yfjD
4183	b4463	ygcU
4184	b4464	ygfQ
4185	b4465	yggP
4186	b4470	yhaM
4187	b4472	yhdP
4188	b4475	rtcA
4189	b4482	yigE
