Compound information				Foldchanges																																																																								intracellular concentrations (ÂµM)																																																																							
				Timepoints and process time (h)																																																																								Timepoints and process time (h)																																																																							
				t0_1	t0_2	t0_3	t0_4	t1_1	t1_2	t2_1	t2_2	t3_1	t3_2	t4_1	t4__2	t5_1	t5_2	t6_1	t6_2	t7_1	t7_2	t8_1	t8_2	t9_1	t9_2	t10_1	t10_2	t11_1	t11_2	t12_1	t12_2	t13_1	t13_2	t14_1	t14_2	t15_1	t15_2	t16_1	t16_2	t17_1	t17_2	t18_1	t18_2	t19_1	t19_2	t20_1	t20_2	t21_1	t21_2	t22_1	t22_2	t23_1	t23_2	t24_1	t24_2	t25_1	t25_2	t26_1	t26_2	t27_1	t27_2	t28_1	t28_2	t29_1	t29_2	t30_1	t30_2	t31_1	t31_2	t32_1	t32_2	t33_1	t33_2	t34_1	t34_2	t0_1	t0_2	t0_3	t0_4	t1_1	t1_2	t2_1	t2_2	t3_1	t3_2	t4_1	t4__2	t5_1	t5_2	t6_1	t6_2	t7_1	t7_2	t8_1	t8_2	t9_1	t9_2	t10_1	t10_2	t11_1	t11_2	t12_1	t12_2	t13_1	t13_2	t14_1	t14_2	t15_1	t15_2	t16_1	t16_2	t17_1	t17_2	t18_1	t18_2	t19_1	t19_2	t20_1	t20_2	t21_1	t21_2	t22_1	t22_2	t23_1	t23_2	t24_1	t24_2	t25_1	t25_2	t26_1	t26_2	t27_1	t27_2	t28_1	t28_2	t29_1	t29_2	t30_1	t30_2	t31_1	t31_2	t32_1	t32_2	t33_1	t33_2	t34_1	t34_2
KEGG	Compound	BIGG	metabolic subsystem	5.65	5.65	5.65	5.65	6.07	6.07	6.15	6.15	6.38	6.38	6.48	6.48	6.73	6.73	6.98	6.98	7.23	7.23	7.48	7.48	7.73	7.73	7.98	7.98	8.48	8.48	8.98	8.98	9.48	9.48	9.98	9.98	10.48	10.48	10.98	10.98	11.98	11.98	12.98	12.98	13.98	13.98	14.98	14.98	15.98	15.98	16.98	16.98	17.98	17.98	18.18	18.18	18.28	18.28	18.42	18.42	18.58	18.58	18.83	18.83	19.08	19.08	19.33	19.33	19.58	19.58	20.08	20.08	20.58	20.58	21.08	21.08	5.65	5.65	5.65	5.65	6.07	6.07	6.15	6.15	6.38	6.38	6.48	6.48	6.73	6.73	6.98	6.98	7.23	7.23	7.48	7.48	7.73	7.73	7.98	7.98	8.48	8.48	8.98	8.98	9.48	9.48	9.98	9.98	10.48	10.48	10.98	10.98	11.98	11.98	12.98	12.98	13.98	13.98	14.98	14.98	15.98	15.98	16.98	16.98	17.98	17.98	18.18	18.18	18.28	18.28	18.42	18.42	18.58	18.58	18.83	18.83	19.08	19.08	19.33	19.33	19.58	19.58	20.08	20.08	20.58	20.58	21.08	21.08
C06007	(2R,3R)-2,3-Dihydroxy-3-methylpentanoate	23dhmp_c	Valine, Leucine, and Isoleucine Metabolism	0.78	0.82	1.03	1.37	0.25	0.12	0.14	0.07	0.22	0.08	0.10	0.16	0.15	0.06	0.16	0.09	0.17	0.10	0.07	0.14	0.07	0.21	0.18	0.22	0.07	0.26	0.23	0.26	0.14	0.07	0.12	0.11	0.12	0.24	0.13	0.21	0.17	0.22	0.15	0.21	0.26	0.23	0.22	0.45	0.19	0.36	0.29	0.26	0.18	0.36	0.72	0.66	0.66	0.69	1.01	0.96	0.82	0.93	0.95	1.07	1.45	0.99	1.35	1.41	2.27	0.99	2.16	2.50	2.41	1.82	5.58	2.55	-	-	-	-	-	-	-	-	-	-	-	-	-	-	-	-	-	-	-	-	-	-	-	-	-	-	-	-	-	-	-	-	-	-	-	-	-	-	-	-	-	-	-	-	-	-	-	-	-	-	-	-	-	-	-	-	-	-	-	-	-	-	-	-	-	-	-	-	-	-	-	-
C01672	1,5-Diaminopentane	15dap_c	Threonine and Lysine Metabolism	0.72	1.08	1.39	0.81	0.92	0.89	1.32	1.15	1.27	1.21	1.61	1.06	1.12	1.10	1.38	1.24	1.18	1.54	1.36	1.86	1.90	1.59	1.46	1.50	1.90	1.76	1.75	2.10	2.72	2.14	2.19	2.13	2.08	2.82	2.62	2.43	2.46	2.36	3.08	2.68	2.99	2.81	3.16	2.74	2.26	2.99	2.36	2.48	2.68	3.80	2.97	2.64	2.81	3.14	2.41	2.03	2.32	2.05	1.88	1.73	1.56	1.64	1.26	1.60	1.47	1.06	1.67	1.69	1.51	1.52	1.69	1.26	-	-	-	-	-	-	-	-	-	-	-	-	-	-	-	-	-	-	-	-	-	-	-	-	-	-	-	-	-	-	-	-	-	-	-	-	-	-	-	-	-	-	-	-	-	-	-	-	-	-	-	-	-	-	-	-	-	-	-	-	-	-	-	-	-	-	-	-	-	-	-	-
C04204	2,3-dihydroxybenzoylserine	23dhbzs_c	Cofactor and Prosthetic Group Biosynthesis	0.88	0.82	0.91	1.39	0.12	0.09	0.07	0.04	0.04	0.03	0.03	0.02	0.06	0.07	0.05	0.07	0.04	0.05	0.04	0.04	0.03	0.03	0.05	0.03	0.02	0.03	0.03	0.02	0.02	0.01	0.03	0.03	0.02	0.01	0.03	0.02	0.04	0.03	0.02	0.02	0.02	0.02	0.02	0.02	0.02	0.02	0.03	0.01	0.02	0.02	0.03	0.02	0.02	0.03	0.03	0.02	0.07	0.04	0.09	0.07	0.26	0.27	0.59	0.60	1.58	1.12	2.94	3.93	2.34	3.59	7.87	4.89	-	-	-	-	-	-	-	-	-	-	-	-	-	-	-	-	-	-	-	-	-	-	-	-	-	-	-	-	-	-	-	-	-	-	-	-	-	-	-	-	-	-	-	-	-	-	-	-	-	-	-	-	-	-	-	-	-	-	-	-	-	-	-	-	-	-	-	-	-	-	-	-
C04691	2-Dehydro-3-deoxy-D-arabino-heptonate 7-phosphate	2dda7p_c	Tyrosine, Tryptophan, and Phenylalanine Metabolism	0.66	1.28	0.81	1.25	0.88	0.87	0.93	0.80	0.43	0.80	0.62	0.46	0.74	0.67	0.68	0.52	0.48	1.00	0.46	0.56	0.56	1.01	0.64	0.75	0.71	0.47	0.75	0.91	0.83	0.38	0.25	0.78	0.59	0.63	0.43	0.37	0.80	0.50	0.89	1.12	0.42	0.97	0.71	1.05	0.26	0.49	0.47	0.64	0.63	0.56	0.62	1.51	1.29	1.01	0.94	1.02	3.42	1.30	1.15	0.88	2.27	1.44	0.96	0.94	0.96	0.98	0.88	1.29	0.58	0.77	1.61	0.76	-	-	-	-	-	-	-	-	-	-	-	-	-	-	-	-	-	-	-	-	-	-	-	-	-	-	-	-	-	-	-	-	-	-	-	-	-	-	-	-	-	-	-	-	-	-	-	-	-	-	-	-	-	-	-	-	-	-	-	-	-	-	-	-	-	-	-	-	-	-	-	-
C02504	2-Isopropylmalic acid	2ippm_c	Valine, Leucine, and Isoleucine Metabolism	1.04	1.06	0.78	1.12	0.14	0.10	0.07	0.05	0.04	0.03	0.03	0.04	0.03	0.04	0.03	0.03	0.01	0.02	0.02	0.04	0.02	0.02	0.02	0.02	0.02	0.02	0.03	0.02	0.03	0.02	0.03	0.02	0.02	0.03	0.02	0.02	0.02	0.02	0.02	0.02	0.03	0.03	0.02	0.04	0.03	0.03	0.03	0.03	0.03	0.04	0.06	0.06	0.04	0.05	0.04	0.04	0.83	0.85	1.10	1.21	1.47	1.24	1.51	1.28	2.26	1.25	2.30	1.82	2.00	1.59	5.77	1.63	-	-	-	-	-	-	-	-	-	-	-	-	-	-	-	-	-	-	-	-	-	-	-	-	-	-	-	-	-	-	-	-	-	-	-	-	-	-	-	-	-	-	-	-	-	-	-	-	-	-	-	-	-	-	-	-	-	-	-	-	-	-	-	-	-	-	-	-	-	-	-	-
C04236	3-Carboxy-4-methyl-2-oxopentanoate	3c4mop_c	Valine, Leucine, and Isoleucine Metabolism	1.15	0.89	0.92	1.04	0.41	0.36	0.12	0.15	0.12	0.12	0.09	0.10	0.07	0.07	0.06	0.06	0.05	0.05	0.05	0.05	0.06	0.04	0.04	0.04	0.04	0.04	0.05	0.05	0.06	0.04	0.05	0.06	0.05	0.04	0.05	0.06	0.06	0.05	0.07	0.07	0.05	0.08	0.05	0.05	0.06	0.06	0.05	0.06	0.06	0.06	0.95	0.72	1.69	1.71	1.13	1.17	1.43	1.56	1.30	1.35	1.93	1.52	1.29	1.02	1.64	0.84	1.50	1.39	1.43	1.31	3.83	1.07	-	-	-	-	-	-	-	-	-	-	-	-	-	-	-	-	-	-	-	-	-	-	-	-	-	-	-	-	-	-	-	-	-	-	-	-	-	-	-	-	-	-	-	-	-	-	-	-	-	-	-	-	-	-	-	-	-	-	-	-	-	-	-	-	-	-	-	-	-	-	-	-
C01005	3-Phosphoserine	pser__L_c	Glycine and Serine Metabolism	1.19	0.72	1.16	0.93	0.07	0.07	0.05	0.05	0.06	0.04	0.03	0.03	0.03	0.02	0.02	0.04	0.02	0.02	0.02	0.03	0.02	0.02	0.02	0.02	0.02	0.03	0.02	0.02	0.03	0.02	0.04	0.02	0.03	0.02	0.03	0.03	0.03	0.03	0.02	0.03	0.03	0.03	0.04	0.03	0.03	0.03	0.03	0.03	0.02	0.02	0.24	0.14	0.99	0.75	0.18	0.32	0.39	0.49	0.56	0.58	1.08	0.61	1.30	0.34	1.74	0.45	1.27	1.18	0.98	0.44	1.24	0.56	-	-	-	-	-	-	-	-	-	-	-	-	-	-	-	-	-	-	-	-	-	-	-	-	-	-	-	-	-	-	-	-	-	-	-	-	-	-	-	-	-	-	-	-	-	-	-	-	-	-	-	-	-	-	-	-	-	-	-	-	-	-	-	-	-	-	-	-	-	-	-	-
C01179	4-Hydroxyphenylpyruvate	34hpp_c	Tyrosine, Tryptophan, and Phenylalanine Metabolism	0.78	1.07	1.25	0.90	0.73	0.55	0.99	0.94	0.64	0.45	0.77	0.49	0.69	0.97	0.62	0.80	0.60	0.75	0.75	0.76	0.63	0.57	0.67	0.66	0.61	0.58	0.98	0.49	0.68	0.89	0.92	0.65	0.67	0.76	1.14	0.52	0.87	0.67	0.85	0.64	1.07	0.77	0.93	1.09	0.83	0.68	0.97	0.84	1.14	0.76	2.77	4.48	3.30	4.81	3.71	3.10	4.25	4.04	2.98	2.88	3.54	2.42	3.15	2.77	4.13	2.37	4.60	5.00	3.68	3.78	12.30	3.42	-	-	-	-	-	-	-	-	-	-	-	-	-	-	-	-	-	-	-	-	-	-	-	-	-	-	-	-	-	-	-	-	-	-	-	-	-	-	-	-	-	-	-	-	-	-	-	-	-	-	-	-	-	-	-	-	-	-	-	-	-	-	-	-	-	-	-	-	-	-	-	-
C00233	4-Methyl-2-oxovaleric acid (Ketoleucine)	2m3ovac_c	-	1.02	1.18	0.80	1.00	1.25	1.13	0.92	0.96	0.84	1.38	1.15	1.14	0.91	1.20	0.92	0.68	1.19	0.96	1.09	0.90	1.14	0.87	0.85	0.81	0.76	1.26	0.91	0.78	1.24	1.00	1.02	0.69	1.14	1.18	1.12	1.47	0.88	1.05	0.81	1.17	1.24	1.90	1.54	1.46	1.39	1.25	1.28	0.97	1.65	1.59	2.12	2.72	2.82	2.63	3.67	2.22	2.42	2.99	2.16	1.91	2.42	2.41	1.95	1.48	1.68	1.16	1.75	2.55	1.71	1.66	2.45	1.98	141.34	163.52	110.27	138.13	172.58	155.87	126.61	133.23	115.86	190.98	158.91	157.51	125.36	166.05	127.76	93.50	165.18	132.20	151.17	124.72	157.90	119.96	117.84	111.83	104.49	174.50	125.61	107.75	171.13	138.31	141.20	95.80	157.46	163.12	155.42	203.67	122.28	145.52	112.01	161.27	171.14	263.48	212.64	202.04	191.85	172.57	176.84	134.72	228.20	220.29	293.07	376.58	390.74	364.44	508.15	307.48	334.97	413.33	298.36	263.54	334.48	333.87	269.21	204.05	233.06	160.14	242.12	353.20	236.60	230.17	338.91	274.18
C03373	5-Amino-1-(5-phospho-D-ribosyl)imidazole	air_c	Purine and Pyrimidine Biosynthesis	1.13	0.84	1.02	1.01	0.08	0.04	0.04	0.03	0.02	0.02	0.03	0.03	0.02	0.02	0.01	0.01	0.01	0.01	0.01	0.02	0.03	0.02	0.01	0.02	0.02	0.02	0.03	0.03	0.03	0.02	0.02	0.02	0.01	0.02	0.01	0.02	0.01	0.02	0.03	0.02	0.02	0.03	0.02	0.02	0.01	0.01	0.02	0.02	0.02	0.03	0.11	0.07	1.40	1.31	0.31	0.41	0.34	0.45	0.90	0.52	1.74	1.15	1.82	0.82	2.67	0.86	1.60	1.25	1.22	0.66	1.73	0.42	-	-	-	-	-	-	-	-	-	-	-	-	-	-	-	-	-	-	-	-	-	-	-	-	-	-	-	-	-	-	-	-	-	-	-	-	-	-	-	-	-	-	-	-	-	-	-	-	-	-	-	-	-	-	-	-	-	-	-	-	-	-	-	-	-	-	-	-	-	-	-	-
C00440	5-Methyltetrahydrofolic acid	5mthf_c	Folate Metabolism	0.94	0.83	1.12	1.11	0.63	1.14	0.54	0.60	0.60	0.51	0.70	0.43	0.30	0.41	0.67	0.35	0.13	0.22	0.12	0.14	0.14	0.13	0.09	0.11	0.12	0.09	0.09	0.12	0.11	0.12	0.12	0.13	0.11	0.11	0.14	0.10	0.12	0.13	0.09	0.11	0.11	0.15	0.21	0.12	0.10	0.13	0.25	0.17	0.16	0.15	0.49	0.40	0.21	0.21	0.44	0.35	0.65	0.56	1.18	0.73	1.15	1.06	1.64	2.93	1.35	1.33	1.68	2.11	1.36	2.77	1.95	1.24	-	-	-	-	-	-	-	-	-	-	-	-	-	-	-	-	-	-	-	-	-	-	-	-	-	-	-	-	-	-	-	-	-	-	-	-	-	-	-	-	-	-	-	-	-	-	-	-	-	-	-	-	-	-	-	-	-	-	-	-	-	-	-	-	-	-	-	-	-	-	-	-
C00170	5-Methylthioadenosine	5mta_c	Arginine and Proline Metabolism	0.81	1.20	1.08	0.92	1.47	1.06	0.61	0.60	0.90	0.83	2.72	1.80	0.78	1.09	0.59	0.74	1.05	1.05	1.28	2.81	3.06	2.46	3.09	4.37	4.91	6.21	8.49	7.27	9.27	10.49	9.48	8.17	6.99	8.35	7.99	7.80	10.39	7.39	8.37	10.01	8.73	9.26	8.96	7.24	6.51	8.85	5.91	6.19	7.65	10.01	0.88	1.02	1.86	1.41	0.25	0.47	0.65	0.80	1.73	1.56	0.87	0.88	2.03	1.74	2.25	1.72	2.28	2.20	1.34	1.54	3.57	1.12	-	-	-	-	-	-	-	-	-	-	-	-	-	-	-	-	-	-	-	-	-	-	-	-	-	-	-	-	-	-	-	-	-	-	-	-	-	-	-	-	-	-	-	-	-	-	-	-	-	-	-	-	-	-	-	-	-	-	-	-	-	-	-	-	-	-	-	-	-	-	-	-
C01037	7,8-Diaminononanoate	dann_c	Cofactor and Prosthetic Group Biosynthesis	0.83	1.04	0.86	1.27	0.82	1.21	0.87	1.43	0.56	1.21	1.52	0.58	0.76	1.62	1.40	1.06	0.90	1.17	1.14	2.34	1.11	1.30	1.31	1.10	0.84	1.34	1.43	1.40	1.12	1.36	1.02	0.92	1.14	1.31	1.13	0.94	1.05	1.00	1.06	1.00	0.92	0.94	0.98	1.62	0.85	1.16	0.95	1.18	1.15	2.15	0.83	0.82	0.85	0.98	1.04	1.07	1.08	1.15	1.27	1.08	1.15	1.36	1.44	1.33	2.26	1.41	2.23	2.67	2.03	2.21	9.54	2.39	-	-	-	-	-	-	-	-	-	-	-	-	-	-	-	-	-	-	-	-	-	-	-	-	-	-	-	-	-	-	-	-	-	-	-	-	-	-	-	-	-	-	-	-	-	-	-	-	-	-	-	-	-	-	-	-	-	-	-	-	-	-	-	-	-	-	-	-	-	-	-	-
C00024	Acetyl-CoA	accoa_c	Citric Acid Cycle	0.79	1.08	1.08	1.05	0.14	0.13	0.16	0.19	0.29	0.31	0.13	0.17	0.05	0.03	0.05	0.03	0.04	0.04	0.03	0.02	0.01	0.02	0.02	0.02	0.02	0.01	0.01	0.01	0.02	0.01	0.01	0.01	0.01	0.01	0.01	0.01	0.01	0.01	0.02	0.05	0.02	0.02	0.03	0.04	0.02	0.03	0.06	0.08	0.03	0.03	0.55	0.40	0.58	0.89	0.89	0.61	0.58	0.72	0.71	0.68	0.54	0.71	0.98	0.74	1.08	0.78	1.32	1.57	1.39	1.35	2.04	1.09	1189.49	1619.62	1628.01	1584.64	204.22	197.08	235.42	279.48	436.61	468.10	197.77	248.57	67.78	52.20	69.35	49.61	53.17	53.63	46.34	36.69	20.85	32.47	27.28	29.88	24.34	17.90	20.30	17.32	25.22	14.19	15.70	13.92	11.53	14.34	13.69	13.96	21.82	13.89	31.47	72.50	22.70	23.31	47.71	59.37	22.89	38.40	83.93	114.88	43.36	41.21	825.21	603.17	866.56	1339.49	1344.36	917.80	879.70	1077.68	1068.71	1018.43	806.91	1074.39	1474.11	1121.09	1622.02	1179.64	1979.67	2366.52	2093.87	2028.87	3068.00	1639.79
C00147	Adenine	ade_c	Nucleotide Salvage Pathway	1.01	0.97	1.02	1.00	3.66	4.58	3.09	4.07	1.05	0.58	2.02	0.94	0.61	0.87	0.68	0.87	0.90	0.74	0.76	1.21	1.31	1.56	1.46	1.96	2.12	2.20	2.69	2.67	3.07	3.21	2.52	2.62	3.38	3.79	3.10	3.02	3.59	3.39	3.83	3.33	3.14	3.57	4.90	4.16	4.91	4.51	4.57	5.07	5.34	7.38	0.59	0.58	0.83	0.70	0.61	0.57	0.55	0.51	0.47	0.47	0.47	0.60	0.63	4.01	1.50	3.51	0.65	1.82	0.79	4.44	0.91	3.76	9.06	8.71	9.19	8.98	32.93	41.18	27.79	36.55	9.45	5.18	18.19	8.46	5.50	7.81	6.14	7.81	8.11	6.63	6.81	10.89	11.78	13.99	13.10	17.62	19.01	19.77	24.18	24.01	27.62	28.89	22.66	23.54	30.36	34.03	27.81	27.15	32.30	30.47	34.41	29.95	28.22	32.11	44.08	37.40	44.17	40.49	41.08	45.52	48.00	66.30	5.28	5.20	7.43	6.33	5.51	5.15	4.92	4.62	4.20	4.22	4.25	5.36	5.65	36.04	13.45	31.55	5.88	16.34	7.11	39.89	8.21	33.81
C00212	Adenosine	adn_c	Nucleotide Salvage Pathway	0.73	0.99	1.11	1.17	9.19	6.55	2.50	3.68	1.60	1.60	5.32	2.05	2.65	3.54	18.16	4.53	5.64	4.69	6.34	9.41	8.33	6.80	10.76	11.15	10.37	10.32	12.07	10.55	7.45	6.07	10.12	10.54	9.39	8.63	5.82	6.05	6.97	7.72	7.74	4.83	3.58	4.53	5.26	4.24	3.85	5.75	7.72	6.64	9.12	11.75	1.64	1.84	1.12	1.51	1.16	3.16	1.09	1.15	1.55	0.93	1.11	2.24	1.37	2.81	7.86	2.37	1.03	2.33	1.29	5.04	4.76	3.76	-	-	-	-	-	-	-	-	-	-	-	-	-	-	-	-	-	-	-	-	-	-	-	-	-	-	-	-	-	-	-	-	-	-	-	-	-	-	-	-	-	-	-	-	-	-	-	-	-	-	-	-	-	-	-	-	-	-	-	-	-	-	-	-	-	-	-	-	-	-	-	-
C03794	Adenylosuccinic acid	dcamp_c	Purine and Pyrimidine Biosynthesis	1.22	0.61	1.00	1.16	1.15	0.53	0.27	0.33	0.20	0.09	0.12	0.09	0.10	0.15	0.04	0.20	0.19	0.28	0.15	0.25	0.21	0.41	0.26	0.28	0.13	0.24	0.52	0.29	0.53	0.26	0.16	0.29	0.28	0.31	0.25	0.26	0.30	0.26	0.25	0.20	0.32	0.11	0.21	0.27	0.24	0.17	0.28	0.19	0.31	0.44	0.52	0.41	0.91	1.24	0.49	0.38	0.21	0.36	0.63	1.29	1.18	3.33	3.12	5.84	5.10	4.89	2.54	5.05	2.47	3.71	3.67	2.22	-	-	-	-	-	-	-	-	-	-	-	-	-	-	-	-	-	-	-	-	-	-	-	-	-	-	-	-	-	-	-	-	-	-	-	-	-	-	-	-	-	-	-	-	-	-	-	-	-	-	-	-	-	-	-	-	-	-	-	-	-	-	-	-	-	-	-	-	-	-	-	-
C00008	ADP	adp_c	Purine and Pyrimidine Biosynthesis	0.87	0.95	1.09	1.09	2.02	1.88	2.83	1.94	1.42	1.79	1.16	1.20	1.79	1.51	2.11	2.75	2.03	2.41	2.35	2.20	2.34	2.68	2.57	2.76	1.89	3.14	2.39	2.43	2.09	3.08	1.94	1.49	2.48	2.83	2.12	2.03	2.54	2.27	2.10	1.70	2.40	1.51	2.21	1.58	1.60	1.78	2.40	2.49	2.10	2.26	1.04	0.99	1.09	0.96	0.81	0.90	0.78	0.84	0.80	0.65	0.67	0.81	0.85	0.79	1.02	0.69	1.03	0.74	1.26	0.77	1.19	0.86	225.36	245.50	280.43	282.12	522.71	485.20	731.38	500.30	366.98	461.51	299.58	311.24	461.26	389.50	545.69	711.67	525.24	623.30	606.84	568.15	604.13	691.64	664.46	714.18	488.28	811.86	617.47	627.79	539.60	796.30	500.59	384.75	641.70	731.67	546.82	523.71	656.97	585.42	542.69	438.91	619.69	390.96	570.88	407.83	414.41	460.14	619.84	643.93	543.81	583.50	267.77	255.00	282.66	248.77	208.58	231.85	202.55	216.05	206.17	168.61	172.19	209.64	218.65	204.37	263.33	178.00	265.93	190.05	325.23	199.22	308.44	221.97
C00026	a-Ketoglutaric acid	akg_c	Citric Acid Cycle	1.06	0.84	1.16	0.94	0.36	0.25	0.15	0.21	0.19	0.22	0.42	0.25	0.22	0.27	0.23	0.25	0.24	0.23	0.25	0.17	0.22	0.28	0.21	0.25	0.21	0.29	0.28	0.29	0.23	0.31	0.23	0.23	0.19	0.27	0.24	0.20	0.32	0.26	0.31	0.34	0.38	0.28	0.39	0.28	0.23	0.32	0.29	0.35	0.32	0.24	5.70	5.12	6.22	7.45	7.38	6.63	5.19	6.29	3.98	4.34	4.04	3.66	1.86	2.71	1.08	1.95	0.88	1.83	0.72	0.93	1.41	0.85	-	-	-	-	-	-	-	-	-	-	-	-	-	-	-	-	-	-	-	-	-	-	-	-	-	-	-	-	-	-	-	-	-	-	-	-	-	-	-	-	-	-	-	-	-	-	-	-	-	-	-	-	-	-	-	-	-	-	-	-	-	-	-	-	-	-	-	-	-	-	-	-
C00041	Alanine	ala__L_c	Alanine and Aspartate Metabolism	0.90	1.27	0.93	0.90	0.42	0.40	0.32	0.35	0.18	0.16	0.69	0.14	0.22	0.25	0.28	0.33	0.28	0.30	0.43	0.39	0.76	0.28	0.29	0.28	0.25	0.28	0.35	0.30	0.26	0.26	0.23	0.24	0.38	0.28	0.21	0.22	0.22	0.22	0.40	0.23	0.25	0.21	0.27	0.20	0.18	0.16	0.17	0.16	0.14	0.15	0.13	0.08	0.18	0.21	0.48	0.55	0.23	0.25	0.36	0.54	0.57	0.62	0.61	1.23	1.05	1.06	0.83	1.27	0.65	1.34	2.37	1.59	357.60	501.92	368.97	354.51	166.93	157.75	125.49	137.67	73.09	64.98	272.91	54.90	86.82	99.74	112.56	129.18	110.93	119.93	169.64	152.46	299.49	110.61	113.77	109.58	97.01	109.80	136.67	117.72	102.74	104.33	92.46	95.36	149.19	111.45	83.97	87.88	86.66	85.26	158.94	92.15	98.71	82.72	108.74	79.49	70.22	64.68	69.08	62.82	57.17	57.78	50.02	32.24	72.89	84.18	188.59	219.45	89.55	99.33	143.48	211.78	226.28	244.87	241.79	484.91	414.10	420.90	328.67	502.04	256.99	528.74	939.79	629.59
C00020	AMP	amp_c	Purine and Pyrimidine Biosynthesis	1.10	0.79	1.14	0.97	5.34	3.89	3.90	2.92	2.05	1.08	1.11	1.85	3.25	2.63	4.05	4.88	7.35	7.83	8.54	7.58	9.09	8.71	10.31	9.31	10.13	11.04	11.22	10.09	7.20	9.34	8.22	10.20	9.29	12.43	7.27	8.63	8.45	7.91	5.97	5.22	5.91	6.53	5.79	6.06	6.92	6.11	9.93	8.42	9.74	9.65	1.28	1.09	1.36	1.08	1.09	1.26	1.07	1.09	0.86	0.90	0.85	1.11	1.66	1.39	1.98	1.35	1.08	1.04	1.96	1.64	1.37	1.28	77.80	55.61	80.61	68.90	377.64	274.98	275.88	206.62	144.83	76.61	78.54	130.79	229.76	186.19	286.58	344.84	519.94	553.68	603.70	536.42	642.93	616.21	729.29	658.68	716.72	780.67	793.90	713.44	509.54	660.57	581.35	721.73	657.03	878.98	514.19	610.21	597.48	559.77	422.04	368.93	417.99	461.65	409.60	428.87	489.71	432.45	702.17	595.59	689.18	682.60	90.58	77.01	96.45	76.28	77.43	88.94	75.96	77.39	60.53	63.70	59.92	78.46	117.64	98.56	140.01	95.57	76.36	73.63	138.54	115.89	96.58	90.40
C00062	Arginine	arg__L_c	Arginine and Proline Metabolism	0.87	1.05	1.12	0.96	1.30	1.51	1.00	1.26	1.17	1.68	2.68	1.34	0.59	0.83	0.57	0.51	0.66	0.86	1.20	1.52	1.63	1.61	1.74	2.04	1.80	1.97	2.16	2.02	2.41	2.19	2.27	1.70	2.54	2.45	2.10	1.87	1.82	2.14	2.16	1.76	1.98	1.91	1.72	1.78	1.60	1.85	1.71	1.77	1.76	2.19	0.69	0.53	0.25	0.28	1.18	1.17	0.91	0.93	0.62	0.54	0.30	0.37	0.28	0.46	0.72	0.45	0.49	0.63	0.48	0.62	2.01	0.76	132.94	159.74	171.13	146.22	197.51	230.34	151.86	192.01	178.80	255.47	408.46	203.81	89.90	126.42	86.96	78.44	101.15	130.83	182.53	232.37	247.91	245.69	264.79	310.58	275.23	300.24	329.68	307.57	367.28	333.54	346.82	259.03	387.39	374.15	319.66	285.43	278.24	327.01	328.94	269.16	301.49	291.16	262.82	272.03	244.38	282.26	261.13	269.89	268.27	334.24	105.65	80.86	38.47	42.11	179.50	179.12	138.40	141.32	94.48	81.92	45.36	56.35	42.08	69.45	109.09	68.70	74.97	96.38	73.30	93.97	307.29	116.14
C03406	Argininosuccinic acid	argsuc_c	Arginine and Proline Metabolism	1.10	0.91	1.10	0.89	0.07	0.07	0.03	0.02	0.04	0.03	0.04	0.04	0.01	0.01	0.01	0.01	0.00	0.01	0.01	0.01	0.01	0.01	0.01	0.01	0.01	0.01	0.01	0.01	0.01	0.01	0.01	0.01	0.01	0.02	0.01	0.01	0.01	0.01	0.01	0.01	0.02	0.01	0.02	0.01	0.01	0.01	0.01	0.01	0.01	0.01	1.38	1.00	2.42	2.60	1.71	1.37	1.57	1.92	2.39	1.97	2.36	2.16	1.77	0.96	2.55	0.65	0.99	0.93	1.06	0.63	1.54	0.57	193.97	159.89	192.94	156.74	12.74	12.18	5.74	4.22	6.49	5.94	6.25	6.47	1.92	1.68	1.12	0.91	0.80	1.04	1.37	1.81	2.17	1.27	1.21	1.68	1.90	1.73	2.07	1.33	1.91	2.38	2.17	2.02	2.58	2.69	2.57	2.30	2.24	2.00	2.16	1.97	2.76	2.44	2.86	2.44	2.56	2.11	1.46	1.46	1.64	1.93	242.41	175.40	424.97	457.32	301.49	241.67	276.13	338.06	419.54	346.85	414.58	379.65	312.14	169.59	448.50	114.68	173.71	164.30	186.00	110.71	270.00	101.12
C00152	Asparagine	asn__L_c	Alanine and Aspartate Metabolism	1.01	0.95	1.06	0.99	3.30	3.06	2.21	3.18	2.13	2.48	3.32	2.11	2.24	2.62	1.93	1.94	2.15	1.66	1.86	2.20	2.31	2.31	1.73	1.80	2.12	2.19	2.30	1.70	1.69	1.72	1.83	1.92	1.56	1.92	1.71	1.45	1.42	1.54	1.23	1.42	1.18	1.09	1.23	1.04	1.03	1.02	0.88	1.06	0.83	0.96	1.12	0.89	0.91	0.98	1.55	1.99	1.29	1.41	0.86	0.70	0.83	0.67	0.66	0.74	1.31	0.52	0.68	0.77	0.62	0.79	1.68	0.78	503.08	473.60	528.99	491.93	1649.45	1528.29	1106.09	1586.92	1061.96	1236.02	1658.55	1053.96	1116.36	1309.69	965.47	967.22	1072.30	829.67	927.18	1096.68	1152.18	1154.70	863.56	900.80	1060.03	1092.78	1147.84	847.66	845.14	856.51	915.11	956.81	777.63	958.78	854.94	723.57	710.83	766.60	616.75	711.52	589.18	544.82	616.57	519.79	516.53	510.56	441.03	531.56	414.54	481.42	557.40	443.57	454.42	488.50	773.14	994.27	642.56	704.93	430.59	351.21	412.51	336.89	328.17	370.32	654.76	260.00	339.94	385.60	311.88	396.24	839.95	391.03
C00049	Aspartic acid	asp__L_c	Alanine and Aspartate Metabolism	1.07	0.97	1.01	0.94	4.66	3.43	1.65	1.79	1.43	1.40	1.84	1.46	0.93	1.26	0.75	0.66	0.73	0.73	0.75	0.81	0.73	0.49	0.50	0.56	0.47	0.42	0.55	0.49	0.38	0.38	0.37	0.34	0.36	0.34	0.29	0.30	0.30	0.28	0.24	0.17	0.16	0.17	0.18	0.10	0.11	0.10	0.11	0.09	0.10	0.16	0.46	0.32	0.46	0.46	0.72	0.58	0.67	0.77	0.51	0.55	0.64	0.48	0.55	0.37	0.77	0.32	0.60	0.55	0.52	0.52	1.29	0.63	2143.22	1944.84	2020.43	1889.18	9319.24	6859.72	3305.93	3571.70	2867.33	2802.53	3677.01	2913.58	1858.60	2522.87	1506.77	1316.74	1459.99	1454.50	1491.23	1610.96	1464.72	986.93	1008.74	1123.20	943.80	848.70	1105.01	988.22	763.45	767.95	742.12	679.54	727.63	685.29	571.96	600.64	594.35	560.78	487.58	343.48	323.92	339.93	357.48	207.22	226.82	200.31	214.61	182.41	190.32	323.50	924.29	644.50	912.56	925.10	1443.59	1162.17	1340.90	1534.91	1023.64	1109.19	1271.20	962.18	1091.17	739.82	1546.73	649.50	1190.65	1096.55	1045.53	1045.70	2569.57	1263.02
C00002	ATP	atp_c	Purine and Pyrimidine Biosynthesis	1.02	0.89	1.29	0.80	0.57	0.52	0.92	0.72	0.57	0.67	0.72	0.42	0.38	0.27	0.35	0.43	0.31	0.46	0.25	0.31	0.26	0.36	0.26	0.44	0.20	0.24	0.31	0.33	0.28	0.28	0.16	0.19	0.23	0.26	0.22	0.18	0.30	0.19	0.20	0.26	0.24	0.23	0.27	0.26	0.20	0.28	0.28	0.31	0.23	0.29	0.82	0.83	0.51	0.98	0.61	0.78	0.79	0.70	0.90	0.75	0.54	1.26	1.25	0.98	0.83	1.00	1.84	1.73	1.62	0.95	1.43	0.91	1576.35	1383.22	1997.88	1240.96	876.25	805.13	1430.32	1119.00	889.44	1040.55	1122.41	655.37	585.46	422.12	545.78	662.35	483.79	720.52	394.11	486.30	404.89	558.91	400.14	685.72	306.78	366.17	487.09	509.56	434.80	435.80	247.32	289.21	361.37	399.29	343.99	283.95	469.52	291.45	307.97	400.69	366.08	351.36	410.77	399.98	315.07	429.60	438.22	486.96	356.77	456.70	1264.91	1283.74	783.60	1514.97	950.64	1212.08	1230.19	1092.34	1398.18	1164.44	838.34	1956.39	1932.71	1515.38	1293.45	1549.13	2855.27	2680.49	2503.36	1473.02	2213.34	1404.46
C00575	cAMP	camp_c	Nucleotide Salvage Pathway	0.97	0.99	0.90	1.14	35.36	39.63	41.87	32.52	38.32	35.82	22.01	24.57	21.97	17.91	18.86	13.18	13.49	16.25	12.31	19.80	13.10	11.51	14.90	16.00	14.35	11.26	14.50	16.31	15.02	16.19	15.21	12.88	16.47	16.47	13.22	12.22	12.01	11.13	13.24	11.45	12.52	12.63	13.48	19.41	12.33	11.06	12.05	13.40	18.70	26.30	11.38	10.91	10.28	10.06	9.62	8.61	8.88	8.87	7.56	6.63	7.87	7.24	7.85	5.00	8.95	7.09	8.25	11.85	7.27	6.98	13.79	6.26	2.88	2.94	2.67	3.39	105.03	117.73	124.37	96.59	113.81	106.39	65.38	72.97	65.25	53.19	56.03	39.16	40.06	48.28	36.57	58.83	38.93	34.19	44.27	47.52	42.62	33.45	43.07	48.44	44.61	48.10	45.19	38.26	48.92	48.93	39.27	36.29	35.66	33.07	39.32	34.00	37.20	37.52	40.05	57.66	36.62	32.85	35.79	39.81	55.56	78.11	33.81	32.42	30.53	29.87	28.58	25.56	26.39	26.36	22.47	19.70	23.38	21.50	23.33	14.85	26.57	21.05	24.49	35.20	21.58	20.75	40.97	18.59
C00112	CDP	cdp_c	Nucleotide Salvage Pathway	0.69	1.10	1.10	1.11	0.76	0.63	1.20	0.61	1.27	0.72	0.56	0.88	0.84	0.88	1.04	0.86	0.76	0.87	0.72	0.59	0.95	0.81	0.29	0.82	0.74	1.03	0.61	0.72	0.65	0.53	0.80	0.84	1.46	0.75	0.44	0.67	0.51	0.59	1.36	0.68	0.41	0.35	1.04	0.43	0.47	0.97	0.82	0.43	0.26	0.33	0.53	0.26	0.17	0.40	0.44	0.75	0.74	0.78	0.39	0.79	0.91	0.43	0.53	1.13	0.40	0.30	1.59	1.53	0.69	1.86	1.27	0.78	21.18	33.89	33.71	33.93	23.18	19.31	36.75	18.67	39.09	22.16	17.33	26.99	25.82	27.07	32.05	26.36	23.45	26.64	22.01	18.06	28.99	24.72	8.83	25.04	22.84	31.55	18.80	22.19	20.03	16.28	24.42	25.69	44.72	22.88	13.62	20.41	15.75	18.15	41.78	20.77	12.43	10.78	31.82	13.31	14.33	29.61	25.03	13.10	8.12	9.98	16.15	8.10	5.12	12.28	13.41	22.88	22.66	24.03	12.03	24.32	27.79	13.17	16.22	34.63	12.19	9.26	48.80	46.94	21.12	56.93	39.05	23.99
C00158	Citrate	cit_c	Citric Acid Cycle	1.13	1.01	0.98	0.87	0.60	0.38	0.37	0.74	0.69	0.44	0.56	0.45	0.39	0.41	0.34	0.35	0.30	0.25	0.30	0.30	0.24	0.30	0.25	0.29	0.50	0.39	0.66	0.43	0.39	0.28	0.37	0.39	0.33	0.35	0.28	0.23	0.29	0.33	0.29	0.37	0.29	0.33	0.32	0.41	0.32	0.33	0.35	0.28	0.42	0.38	3.53	4.57	5.46	3.77	3.24	3.20	2.37	2.56	1.74	1.29	1.78	1.15	1.23	0.74	0.92	0.75	1.31	1.18	0.91	0.93	1.77	1.07	1939.87	1736.24	1672.40	1495.35	1025.93	650.25	627.21	1270.12	1175.98	753.04	958.64	772.98	661.74	698.35	585.17	599.28	511.07	421.22	504.96	508.44	407.22	514.67	428.93	490.60	854.16	673.62	1128.16	734.96	664.31	483.45	633.90	674.38	565.73	591.16	478.43	385.99	492.04	563.17	494.66	632.11	497.80	557.38	554.77	693.25	539.01	566.11	598.23	483.59	719.01	644.08	6042.03	7821.70	9349.17	6453.58	5550.93	5481.91	4059.81	4386.51	2973.52	2213.65	3039.82	1969.42	2102.78	1262.03	1573.68	1287.11	2239.38	2024.54	1556.19	1589.35	3023.06	1831.63
C00327	Citrulline	citr__L_c	Arginine and Proline Metabolism	0.99	1.04	1.00	0.97	0.28	0.33	0.14	0.15	0.17	0.11	0.19	0.15	0.08	0.10	0.06	0.08	0.04	0.06	0.11	0.12	0.16	0.05	0.06	0.07	0.06	0.09	0.11	0.07	0.14	0.08	0.07	0.06	0.10	0.06	0.08	0.07	0.08	0.17	0.12	0.11	0.08	0.06	0.17	0.07	0.08	0.08	0.09	0.09	0.06	0.09	1.13	1.01	2.12	2.70	1.21	1.15	1.17	1.61	1.80	1.65	2.42	2.09	1.64	1.57	2.44	1.44	1.44	1.78	1.33	1.11	2.26	0.86	174.18	183.33	176.42	171.02	49.90	58.90	24.57	26.38	30.23	19.42	34.20	25.63	14.16	16.93	10.63	13.97	7.58	10.61	18.56	21.02	28.49	9.28	11.22	12.06	9.86	15.54	19.80	12.95	24.13	13.84	11.51	9.99	16.75	10.93	14.64	11.96	14.78	29.46	21.50	20.08	13.85	11.45	29.74	13.06	13.29	14.80	15.10	15.04	11.26	16.64	199.98	177.18	373.11	475.48	213.30	201.85	207.05	284.15	316.59	290.98	426.50	368.36	289.19	276.58	429.15	253.72	253.75	314.51	234.89	195.67	399.15	152.10
C00055	CMP	cmp_c	Nucleotide Salvage Pathway	0.99	1.18	1.01	0.82	0.34	0.31	0.40	0.37	0.32	0.35	0.18	0.16	0.37	0.24	0.32	0.34	0.31	0.29	0.43	0.25	0.29	0.32	0.22	0.35	0.34	0.26	0.28	0.28	0.23	0.22	0.27	0.22	0.22	0.29	0.24	0.23	0.25	0.25	0.19	0.23	0.18	0.21	0.21	0.20	0.18	0.19	0.21	0.20	0.25	0.24	0.60	0.61	0.40	0.55	0.70	0.61	0.91	0.51	0.73	0.81	0.46	0.28	0.29	0.24	0.44	0.36	0.39	0.33	0.40	0.31	0.61	0.25	780.50	929.94	796.87	645.55	266.46	244.47	312.15	292.15	253.89	272.91	145.82	128.37	289.83	185.46	252.24	271.50	242.76	227.08	336.67	198.83	227.82	249.58	172.67	275.25	266.12	204.61	222.96	223.63	180.63	172.76	211.59	170.07	175.78	228.80	188.22	183.50	200.66	200.21	149.64	178.71	140.89	167.31	163.70	153.97	138.32	147.10	162.69	154.76	197.07	190.71	471.30	481.67	311.74	436.46	554.18	483.60	716.55	404.12	571.96	638.23	365.94	219.23	229.39	190.63	347.41	284.56	304.25	257.51	314.46	243.87	477.25	198.63
C00010	Coenzyme A	coa_c	Cofactor and Prosthetic Group Biosynthesis	0.94	1.11	0.93	1.02	2.46	2.13	3.62	2.03	2.31	1.92	2.14	2.41	2.92	2.49	3.45	2.49	2.93	2.68	2.86	1.93	2.74	2.12	3.30	3.85	2.71	3.49	6.37	3.54	4.10	3.08	3.66	4.59	4.61	3.82	3.31	2.69	3.92	4.17	5.34	3.63	4.30	2.75	3.23	4.04	3.90	4.10	5.67	4.22	3.52	3.75	2.93	3.26	1.37	1.64	1.97	1.46	1.20	1.22	1.44	0.72	0.78	1.06	1.49	1.07	1.50	1.17	1.18	1.32	1.64	1.16	1.77	1.06	98.32	116.67	97.61	107.38	258.45	223.95	380.23	212.96	242.44	201.19	224.57	252.61	306.75	261.68	362.45	261.42	307.21	281.38	300.02	202.29	287.65	222.75	346.99	404.39	284.66	366.41	669.14	371.53	430.30	323.54	384.30	481.93	483.58	401.47	347.30	282.96	411.47	437.89	560.73	381.64	451.08	288.59	338.68	423.98	409.28	430.57	594.89	443.36	370.10	393.57	307.61	342.19	143.46	172.13	206.86	153.67	125.78	128.45	151.39	75.10	81.60	111.69	155.99	112.04	157.57	122.82	123.60	138.66	171.96	121.97	186.27	111.16
C00063	CTP	ctp_c	Purine and Pyrimidine Biosynthesis	1.04	0.95	1.29	0.72	0.61	0.74	1.24	1.10	0.81	1.08	0.80	0.48	0.43	0.60	0.39	0.55	0.35	0.60	0.40	0.40	0.45	0.45	0.38	0.58	0.37	0.33	0.43	0.37	0.30	0.45	0.41	0.44	0.29	0.59	0.40	0.40	0.61	0.34	0.56	0.54	0.52	0.41	0.44	0.48	0.39	0.42	0.37	0.40	0.54	0.64	1.53	1.58	1.42	1.49	1.61	2.27	2.36	1.80	1.71	1.39	0.55	0.75	0.56	0.62	0.68	0.52	1.10	1.05	1.44	0.71	2.18	1.18	897.23	817.08	1115.34	618.23	528.51	641.83	1072.77	949.88	698.31	927.19	692.36	409.66	370.75	514.09	334.11	473.48	301.53	514.89	347.45	344.92	385.04	392.18	331.67	496.05	319.02	284.32	374.46	316.58	262.81	383.66	352.32	380.87	248.08	506.69	342.66	341.35	522.38	294.94	484.13	464.78	446.94	349.85	379.80	410.04	339.13	362.93	319.09	344.88	467.46	550.81	1315.42	1357.97	1220.33	1283.65	1391.51	1955.21	2030.86	1547.88	1472.97	1194.56	478.36	647.06	486.48	532.24	585.67	444.40	945.07	902.20	1237.45	615.38	1877.93	1016.20
C00475	Cytidine	cytd_c	Nucleotide Salvage Pathway	0.83	0.81	1.14	1.22	4.39	2.44	2.22	1.80	1.53	1.20	1.97	1.32	2.29	1.29	6.13	1.59	2.24	1.82	2.13	3.86	2.10	2.28	3.23	4.06	2.71	2.59	4.39	3.80	2.79	2.16	2.62	3.52	5.59	3.94	1.96	2.44	2.30	3.59	1.60	2.09	2.10	2.21	2.10	1.86	1.99	1.83	2.63	3.84	2.53	2.93	1.69	0.95	1.01	1.17	1.47	1.09	0.76	0.88	1.38	0.71	0.61	0.97	0.89	1.13	6.72	0.95	1.03	1.47	1.39	2.00	3.96	2.12	0.91	0.88	1.25	1.34	4.82	2.68	2.43	1.97	1.68	1.32	2.17	1.45	2.51	1.41	6.73	1.74	2.45	1.99	2.33	4.24	2.30	2.50	3.54	4.46	2.97	2.84	4.82	4.17	3.07	2.37	2.87	3.86	6.13	4.33	2.16	2.67	2.53	3.94	1.75	2.29	2.31	2.42	2.31	2.04	2.19	2.01	2.89	4.22	2.77	3.21	1.86	1.04	1.11	1.29	1.62	1.20	0.84	0.96	1.52	0.78	0.67	1.06	0.98	1.24	7.38	1.05	1.14	1.61	1.53	2.20	4.34	2.32
C00380	Cytosine	csn_c	Nucleotide Salvage Pathway	1.20	0.92	0.86	1.02	1.46	1.61	1.00	1.47	1.05	0.80	0.94	1.00	1.38	1.11	1.69	1.23	1.08	0.87	0.77	1.22	1.09	0.97	1.09	1.13	1.21	2.01	1.48	1.56	0.94	1.11	0.99	1.27	1.15	0.80	1.90	1.36	0.96	0.96	1.02	1.07	0.86	1.05	0.68	1.64	0.88	1.18	0.80	1.15	0.88	1.03	2.26	1.11	1.37	1.44	1.26	1.49	1.26	1.08	0.96	0.92	0.84	0.97	1.39	0.85	0.98	0.86	1.02	1.24	0.75	1.07	0.89	1.01	5.83	4.46	4.16	4.96	7.10	7.81	4.84	7.15	5.11	3.86	4.59	4.84	6.70	5.37	8.22	6.00	5.24	4.21	3.75	5.93	5.27	4.72	5.31	5.47	5.86	9.74	7.20	7.59	4.56	5.38	4.81	6.15	5.56	3.90	9.24	6.59	4.68	4.65	4.94	5.20	4.19	5.09	3.32	7.98	4.25	5.73	3.87	5.57	4.27	5.00	10.96	5.37	6.65	7.00	6.11	7.25	6.11	5.24	4.68	4.47	4.09	4.71	6.75	4.15	4.76	4.20	4.94	6.03	3.65	5.20	4.33	4.91
C00993	D-Alanyl-Alanine	alaala_c	Cell Envelope Biosynthesis	0.94	0.94	1.01	1.12	1.27	1.00	0.38	0.38	0.15	0.17	0.13	0.11	0.26	0.33	0.52	0.48	0.70	0.63	0.70	0.76	0.75	0.65	0.47	0.51	0.43	0.60	0.54	0.53	0.50	0.46	0.53	0.50	0.48	0.49	0.39	0.31	0.29	0.35	0.62	0.55	0.49	0.44	0.40	0.34	0.24	0.20	0.18	0.15	0.15	0.16	0.06	0.08	0.04	0.07	0.40	0.40	0.32	0.30	0.38	0.35	0.79	0.71	0.73	1.06	1.14	0.87	0.74	0.87	0.77	0.87	2.52	1.14	96.21	96.75	103.24	114.64	130.43	102.76	38.54	39.24	14.93	17.54	13.80	10.97	26.45	33.96	53.26	49.41	71.44	64.33	72.26	78.35	77.34	67.01	48.62	52.10	44.56	61.82	54.97	54.33	51.47	47.37	54.52	51.83	49.79	50.49	40.54	32.18	30.23	35.51	64.08	56.58	50.77	45.17	41.28	35.36	24.90	20.26	18.95	15.12	15.31	16.86	6.22	7.89	3.90	6.69	40.77	40.91	32.82	30.71	38.56	35.71	80.91	73.27	75.49	108.94	116.89	89.44	76.16	89.03	79.35	89.69	259.09	116.69
C00239	dCMP	dcmp_c	Nucleotide Salvage Pathway	1.11	0.72	0.95	1.22	9.99	6.65	3.80	5.02	1.31	1.09	1.34	1.02	2.21	2.61	2.81	3.71	3.97	3.07	3.45	3.70	4.59	5.53	3.82	4.85	4.27	4.31	4.73	4.14	2.89	3.71	4.09	3.09	3.74	4.35	3.34	3.27	3.49	3.45	2.37	1.83	1.76	2.31	2.26	1.90	3.03	2.47	2.38	2.11	3.07	3.59	0.40	0.41	0.40	0.54	0.58	0.48	0.45	0.54	0.58	1.02	0.98	1.91	0.94	1.71	1.52	2.36	0.81	3.49	1.43	7.17	2.36	5.11	-	-	-	-	-	-	-	-	-	-	-	-	-	-	-	-	-	-	-	-	-	-	-	-	-	-	-	-	-	-	-	-	-	-	-	-	-	-	-	-	-	-	-	-	-	-	-	-	-	-	-	-	-	-	-	-	-	-	-	-	-	-	-	-	-	-	-	-	-	-	-	-
C00672	Deoxyribose-P	2dr5p_c	Nucleotide Salvage Pathway	1.16	1.02	0.92	0.89	0.52	0.32	0.13	0.16	0.14	0.16	0.24	0.20	0.33	0.33	0.10	0.09	0.06	0.10	0.07	0.08	0.06	0.05	0.05	0.05	0.04	0.05	0.04	0.05	0.04	0.04	0.04	0.03	0.04	0.05	0.03	0.02	0.03	0.03	0.04	0.02	0.04	0.03	0.04	0.03	0.03	0.03	0.03	0.04	0.03	0.04	0.20	0.13	0.27	0.29	0.40	0.40	0.45	0.55	0.59	0.55	0.69	0.91	0.77	1.10	1.26	1.41	0.86	1.29	0.69	1.09	1.72	0.73	-	-	-	-	-	-	-	-	-	-	-	-	-	-	-	-	-	-	-	-	-	-	-	-	-	-	-	-	-	-	-	-	-	-	-	-	-	-	-	-	-	-	-	-	-	-	-	-	-	-	-	-	-	-	-	-	-	-	-	-	-	-	-	-	-	-	-	-	-	-	-	-
C00666	Diaminopimelic acid	26dap_LL_c	Threonine and Lysine Metabolism	1.05	0.99	0.85	1.11	0.35	0.37	0.18	0.18	0.08	0.13	0.08	0.06	0.07	0.10	0.04	0.06	0.04	0.05	0.04	0.03	0.04	0.05	0.03	0.02	0.03	0.03	0.04	0.03	0.02	0.03	0.03	0.02	0.02	0.03	0.02	0.02	0.03	0.03	0.03	0.03	0.03	0.02	0.03	0.03	0.02	0.03	0.03	0.02	0.02	0.03	0.51	0.26	1.60	1.04	0.64	0.61	0.59	0.87	1.01	0.72	1.04	0.99	1.25	0.33	1.12	0.27	1.01	0.56	1.01	0.29	2.37	0.42	114.15	107.20	92.03	119.99	38.16	39.63	19.30	19.86	8.33	13.67	8.27	6.90	8.01	11.12	4.80	6.01	4.60	5.34	4.48	3.43	4.25	4.89	3.56	2.57	3.72	3.12	3.93	2.89	2.45	2.99	2.78	2.64	2.42	3.28	2.54	2.37	3.11	2.82	3.28	2.76	3.64	1.78	3.10	3.61	1.86	2.98	3.29	2.01	2.59	2.79	55.34	28.14	173.61	113.19	69.05	66.59	63.46	93.80	109.10	78.04	113.14	107.34	135.64	35.93	121.72	28.92	109.43	60.55	109.75	31.48	256.34	45.15
C04874	Dihydroneopterin	dhnpt_c	Cofactor and Prosthetic Group Biosynthesis	0.96	1.03	1.14	0.87	1.01	0.93	1.25	1.07	1.39	1.61	0.85	1.09	1.84	1.35	1.30	1.31	1.35	1.64	1.05	1.48	1.08	1.11	1.81	1.42	1.28	1.23	1.19	1.18	1.17	1.33	0.82	1.02	0.80	1.51	0.68	0.95	0.81	0.76	0.75	0.71	0.64	0.56	0.56	0.49	0.34	0.47	0.39	0.51	0.32	0.52	0.27	0.24	0.12	0.19	0.13	0.12	0.17	0.28	0.55	0.53	0.70	0.54	0.74	0.71	0.94	0.68	1.12	1.18	1.26	1.11	2.70	0.85	-	-	-	-	-	-	-	-	-	-	-	-	-	-	-	-	-	-	-	-	-	-	-	-	-	-	-	-	-	-	-	-	-	-	-	-	-	-	-	-	-	-	-	-	-	-	-	-	-	-	-	-	-	-	-	-	-	-	-	-	-	-	-	-	-	-	-	-	-	-	-	-
C00337	Dihydroorotate	dhor__S_c	Purine and Pyrimidine Biosynthesis	0.81	0.94	1.03	1.21	0.23	0.18	0.05	0.05	0.02	0.02	0.03	0.01	0.01	0.02	0.02	0.02	0.01	0.02	0.02	0.03	0.02	0.02	0.02	0.02	0.02	0.02	0.02	0.02	0.02	0.02	0.02	0.02	0.02	0.02	0.01	0.01	0.01	0.02	0.02	0.02	0.01	0.01	0.01	0.02	0.01	0.01	0.01	0.01	0.01	0.01	0.10	0.09	0.02	0.03	0.01	0.02	0.02	0.02	0.28	0.24	0.36	0.36	0.55	0.62	2.00	0.89	1.07	1.24	0.83	0.92	2.56	0.83	3159.73	3658.82	4011.90	4696.42	884.08	712.11	193.03	175.50	63.16	71.05	100.99	56.50	57.94	95.36	61.65	69.72	53.22	61.44	58.23	134.61	59.20	66.56	73.24	75.80	59.60	67.55	72.64	81.27	78.07	65.07	65.27	61.51	79.92	62.74	51.78	28.78	53.31	64.10	61.42	67.00	52.45	57.28	46.76	67.08	41.89	40.77	31.48	32.82	43.66	57.49	405.64	345.69	86.69	104.35	52.23	75.38	67.29	85.25	1079.92	943.09	1382.99	1378.27	2132.64	2401.63	7754.91	3462.14	4153.71	4801.99	3203.51	3553.54	9934.24	3232.48
C00921	Dihydropteroate	dhpt_c	Cofactor and Prosthetic Group Biosynthesis	0.94	0.84	0.97	1.25	0.86	0.51	0.31	0.65	0.39	0.42	0.44	0.37	0.43	0.43	0.34	0.32	0.23	0.39	0.13	0.18	0.26	0.34	0.26	0.28	0.15	0.17	0.23	0.20	0.14	0.22	0.12	0.49	0.16	0.20	0.10	0.28	0.24	0.26	0.25	0.14	0.26	0.28	0.13	0.23	0.21	0.15	0.24	0.19	0.25	0.26	0.70	1.01	0.42	0.45	0.31	0.35	0.38	0.34	0.66	0.51	0.80	0.65	0.72	1.08	1.13	0.68	1.33	1.73	1.22	1.42	2.86	1.31	-	-	-	-	-	-	-	-	-	-	-	-	-	-	-	-	-	-	-	-	-	-	-	-	-	-	-	-	-	-	-	-	-	-	-	-	-	-	-	-	-	-	-	-	-	-	-	-	-	-	-	-	-	-	-	-	-	-	-	-	-	-	-	-	-	-	-	-	-	-	-	-
C00111	Dihydroxyacetone-P	dhap_c	Glycolysis/Gluconeogenesis	1.08	1.28	0.76	0.87	0.16	0.18	0.26	0.15	0.14	0.10	0.13	0.10	0.21	0.14	0.14	0.18	0.15	0.13	0.17	0.15	0.13	0.14	0.12	0.12	0.13	0.11	0.10	0.13	0.12	0.14	0.15	0.14	0.17	0.11	0.14	0.11	0.12	0.15	0.12	0.10	0.11	0.10	0.09	0.09	0.14	0.10	0.11	0.07	0.07	0.07	0.55	0.85	0.95	1.15	0.86	0.87	0.81	0.82	1.08	0.97	0.79	1.07	0.91	1.17	0.92	1.55	1.08	1.92	1.14	1.74	2.11	1.31	1806.85	2130.32	1272.65	1454.64	260.48	296.37	428.83	254.40	225.64	170.23	209.06	172.38	344.03	226.74	240.76	306.41	256.97	218.86	282.84	248.25	219.90	235.12	199.36	195.22	210.32	190.26	173.91	217.31	191.71	236.29	256.98	241.43	276.68	179.61	236.33	191.08	201.19	243.25	194.06	159.65	188.28	168.21	147.54	146.50	233.24	163.81	185.36	123.48	123.07	116.59	910.90	1411.54	1580.13	1913.19	1427.21	1448.71	1341.61	1371.38	1802.31	1615.76	1309.66	1786.40	1523.46	1946.92	1530.64	2589.65	1798.37	3197.81	1906.94	2903.06	3519.87	2183.85
C00864	D-Pantothenic acid	pnto__R_c	Cofactor and Prosthetic Group Biosynthesis	0.89	0.93	0.98	1.20	2.67	2.87	2.08	2.55	1.50	1.99	2.28	1.15	1.82	2.72	2.85	2.83	3.08	3.57	2.30	3.43	3.06	3.24	2.82	3.28	3.71	3.21	3.48	2.54	3.23	2.88	2.86	3.35	2.95	2.87	2.99	2.43	3.64	2.73	2.66	2.92	2.37	1.70	1.88	2.47	2.28	1.72	2.06	2.49	2.56	2.62	1.03	1.05	0.87	0.86	1.41	1.26	1.01	0.94	0.98	0.94	0.83	0.91	0.96	0.82	1.26	1.06	1.24	1.64	1.23	1.21	3.18	1.30	58.37	61.57	64.37	79.32	176.23	189.00	136.99	168.18	98.69	131.20	150.12	75.60	119.70	179.28	187.87	186.38	202.82	235.37	151.32	226.17	201.53	213.78	185.91	215.97	244.63	211.74	229.58	167.58	212.86	189.81	188.43	220.84	194.43	189.25	197.33	160.28	239.86	180.02	175.34	192.16	156.47	111.76	123.85	162.83	150.41	113.64	135.69	164.02	168.83	172.82	68.11	68.98	57.12	56.79	93.05	83.27	66.71	61.78	64.46	61.69	54.67	59.90	63.30	54.27	82.95	69.76	81.50	107.84	80.80	79.86	209.28	85.43
C00363	dTDP	dtdp_c	Nucleotide Salvage Pathway	0.77	1.29	1.03	0.91	1.14	1.39	0.90	1.12	1.10	1.27	1.30	0.92	0.76	1.14	0.95	1.01	0.92	0.88	0.67	0.56	0.99	0.83	0.66	0.73	0.68	0.84	0.71	0.68	0.55	0.63	0.54	0.49	0.51	0.75	0.47	0.42	0.50	0.44	0.43	0.47	0.30	0.30	0.37	0.25	0.28	0.32	0.26	0.27	0.27	0.25	0.49	0.42	0.55	0.57	0.71	0.65	0.80	0.80	1.14	1.00	1.00	0.94	0.97	1.38	1.27	0.89	0.79	0.89	0.59	0.93	1.80	0.81	-	-	-	-	-	-	-	-	-	-	-	-	-	-	-	-	-	-	-	-	-	-	-	-	-	-	-	-	-	-	-	-	-	-	-	-	-	-	-	-	-	-	-	-	-	-	-	-	-	-	-	-	-	-	-	-	-	-	-	-	-	-	-	-	-	-	-	-	-	-	-	-
C00279	Erythrose 4-P	e4p_c	Pentose Phosphate Pathway	0.94	0.96	1.21	0.89	0.78	0.86	0.85	0.68	0.80	0.72	0.82	0.82	0.70	0.76	0.78	1.07	0.92	1.05	0.82	0.97	0.74	0.84	1.13	0.87	0.96	1.07	1.28	1.33	1.24	1.21	1.66	1.43	1.18	0.91	0.89	1.17	1.20	1.33	1.12	1.30	1.30	1.33	1.65	1.63	1.81	1.28	1.18	1.75	1.54	1.99	1.19	2.12	1.48	1.41	1.87	1.15	1.92	1.44	1.25	1.27	1.04	1.10	0.99	1.00	1.07	0.75	1.23	1.17	0.82	1.00	1.40	1.00	45.73	46.27	58.46	43.19	37.73	41.41	41.08	32.80	38.91	34.86	39.59	39.90	34.06	36.75	37.71	51.94	44.56	51.02	39.92	46.91	35.96	40.69	54.71	42.29	46.47	51.60	62.00	64.15	60.13	58.64	80.53	69.27	57.16	43.98	43.15	56.56	57.91	64.24	54.43	62.83	63.10	64.47	79.81	78.83	87.63	62.04	57.09	84.91	74.58	96.52	57.76	102.50	71.44	68.16	90.57	55.71	93.07	69.72	60.68	61.66	50.12	53.27	47.96	48.59	51.68	36.25	59.71	56.84	39.51	48.30	67.66	48.57
C00016	Flavin adenine dinucleotide	fad_c	Cofactor and Prosthetic Group Biosynthesis	0.84	1.14	1.10	0.92	0.93	0.97	0.84	1.20	0.90	0.81	1.23	0.76	0.56	0.84	0.67	0.76	0.51	0.67	0.35	0.45	0.50	0.51	0.53	0.64	0.37	0.59	0.61	0.52	0.40	0.38	0.35	0.32	0.37	0.37	0.27	0.26	0.33	0.37	0.21	0.31	0.26	0.21	0.22	0.17	0.18	0.23	0.32	0.35	0.25	0.24	0.39	0.44	0.39	0.38	0.58	0.42	0.41	0.50	0.76	0.51	0.59	0.87	0.90	0.77	0.86	0.59	0.90	0.91	0.79	0.53	1.11	0.57	-	-	-	-	-	-	-	-	-	-	-	-	-	-	-	-	-	-	-	-	-	-	-	-	-	-	-	-	-	-	-	-	-	-	-	-	-	-	-	-	-	-	-	-	-	-	-	-	-	-	-	-	-	-	-	-	-	-	-	-	-	-	-	-	-	-	-	-	-	-	-	-
C00354	Fructose-1,6-Bisphosphate	fdp_c	Glycolysis/Gluconeogenesis	1.03	0.90	1.16	0.91	0.22	0.06	0.04	0.03	0.02	0.03	0.03	0.02	0.02	0.02	0.02	0.01	0.01	0.01	0.02	0.02	0.02	0.02	0.01	0.02	0.01	0.01	0.02	0.02	0.02	0.02	0.01	0.02	0.02	0.02	0.01	0.01	0.02	0.02	0.02	0.02	0.01	0.01	0.02	0.01	0.01	0.01	0.02	0.01	0.02	0.01	0.45	0.44	0.76	1.16	0.54	0.72	0.69	0.73	0.63	0.90	0.83	1.17	1.07	1.52	1.15	1.66	1.10	1.44	1.06	1.50	1.26	1.38	2627.03	2278.96	2951.10	2316.03	547.52	156.74	99.80	67.41	54.45	83.45	67.89	63.43	57.05	61.00	39.70	34.16	23.50	36.54	40.61	47.79	38.39	45.15	26.53	40.69	35.13	21.49	54.31	51.52	53.63	41.46	35.44	39.82	44.52	53.15	37.07	35.23	41.45	42.80	51.88	44.80	31.93	32.34	48.24	33.99	36.28	37.44	39.09	34.97	59.33	33.29	1149.03	1129.68	1928.62	2946.11	1370.06	1834.06	1751.50	1845.38	1593.33	2287.05	2117.48	2987.08	2728.41	3868.14	2915.09	4214.17	2785.95	3665.67	2693.96	3822.15	3195.97	3516.54
C00122	Fumarate	fum_c	Citric Acid Cycle	0.94	0.83	1.19	1.05	0.23	0.20	0.23	0.15	0.17	0.16	0.13	0.18	0.16	0.14	0.14	0.12	0.12	0.15	0.11	0.09	0.10	0.13	0.11	0.14	0.14	0.14	0.16	0.12	0.13	0.11	0.19	0.12	0.13	0.14	0.12	0.12	0.14	0.15	0.17	0.16	0.21	0.17	0.17	0.14	0.18	0.15	0.19	0.13	0.12	0.10	1.40	0.88	1.63	1.90	1.45	1.26	1.05	1.14	1.23	1.45	1.52	1.61	1.65	2.24	3.23	1.84	1.40	2.10	1.44	1.64	2.61	1.67	1407.70	1250.84	1785.72	1572.80	345.38	304.16	350.79	221.75	261.05	244.34	191.09	270.32	235.41	213.60	205.72	177.40	176.76	220.56	171.41	138.64	154.86	203.00	172.18	213.30	217.60	209.98	238.20	182.85	195.92	166.20	286.98	180.44	199.43	204.54	175.59	174.65	216.34	229.49	260.41	236.54	309.67	255.00	262.17	214.67	277.12	224.03	281.77	194.98	186.51	153.16	2104.21	1316.80	2453.38	2852.42	2185.64	1898.31	1586.11	1721.61	1842.94	2180.60	2282.24	2422.37	2488.41	3373.68	4857.31	2764.96	2113.46	3164.63	2172.53	2466.73	3932.95	2513.26
C00334	GABA	4abut_c	Glutamate Metabolism	1.06	1.04	1.00	0.90	0.39	0.40	0.47	0.34	0.67	0.46	0.68	0.61	1.38	1.18	1.61	1.81	1.37	1.78	1.52	1.73	1.37	1.11	0.83	1.00	0.50	0.55	0.50	0.42	0.32	0.28	0.34	0.29	0.25	0.28	0.24	0.15	0.24	0.12	0.26	0.27	0.32	0.22	0.22	0.31	0.27	0.42	0.35	0.28	0.30	0.43	0.46	0.46	0.46	0.49	0.56	0.58	0.93	0.77	0.87	1.24	1.65	1.57	1.41	1.62	2.29	1.64	1.28	1.49	1.77	1.91	6.68	2.57	321.17	315.84	304.47	275.00	119.83	121.85	142.45	104.13	204.05	139.25	205.75	185.88	420.06	360.00	488.64	551.34	415.66	542.57	463.22	524.91	415.13	336.61	253.35	304.07	152.37	167.60	151.50	126.94	98.30	85.69	101.97	87.32	74.55	86.07	74.14	46.03	73.27	36.42	79.61	82.28	96.61	67.16	67.87	95.73	81.84	127.24	107.01	85.92	91.17	130.09	139.08	140.49	138.52	149.83	170.77	177.21	282.13	234.08	264.64	375.97	501.79	477.05	429.68	491.71	696.49	497.93	389.90	452.56	537.35	579.74	2032.24	780.45
C00669	gamma-Glutamyl-cysteine	glucys_c	Cofactor and Prosthetic Group Biosynthesis	0.87	0.92	1.07	1.15	0.73	0.95	1.88	2.05	1.98	2.29	1.50	1.16	2.00	2.20	4.06	4.78	6.02	5.27	5.72	6.30	8.63	8.13	7.56	7.49	10.44	12.94	12.19	12.04	9.28	10.48	10.64	14.66	11.79	15.33	10.59	10.99	13.75	11.03	9.13	9.12	7.67	9.81	12.57	9.70	13.85	12.21	13.89	12.34	16.25	16.70	0.80	1.01	0.69	0.57	0.26	0.35	0.56	0.76	2.65	2.15	2.35	1.88	1.04	1.06	0.98	0.77	0.71	0.74	0.77	0.75	2.46	0.91	-	-	-	-	-	-	-	-	-	-	-	-	-	-	-	-	-	-	-	-	-	-	-	-	-	-	-	-	-	-	-	-	-	-	-	-	-	-	-	-	-	-	-	-	-	-	-	-	-	-	-	-	-	-	-	-	-	-	-	-	-	-	-	-	-	-	-	-	-	-	-	-
C00035	GDP	gdp_c	Purine and Pyrimidine Biosynthesis	1.15	0.60	1.06	1.19	1.38	1.31	1.46	0.86	0.89	0.66	0.79	0.64	0.44	0.63	0.65	0.89	0.86	0.99	0.98	1.80	1.22	0.84	1.14	1.08	0.98	1.00	1.19	1.31	1.98	1.40	1.26	1.72	1.31	1.17	1.41	1.58	2.23	1.15	1.91	1.97	1.99	1.98	1.96	2.52	1.35	1.85	1.53	1.33	2.36	2.26	0.80	0.89	1.05	1.08	0.57	0.94	0.87	0.62	0.70	0.69	0.73	1.24	1.93	1.30	1.48	1.42	1.78	1.62	1.75	0.98	0.92	0.84	21.69	11.38	19.92	22.42	26.02	24.72	27.43	16.29	16.77	12.49	14.90	11.99	8.36	11.84	12.17	16.73	16.26	18.68	18.41	33.99	22.95	15.89	21.53	20.32	18.40	18.78	22.40	24.71	37.34	26.35	23.79	32.47	24.70	22.10	26.57	29.79	42.13	21.74	36.00	37.21	37.50	37.24	36.95	47.52	25.36	34.96	28.92	25.14	44.42	42.59	15.04	16.78	19.72	20.37	10.77	17.76	16.32	11.78	13.28	13.03	13.74	23.41	36.40	24.54	27.93	26.82	33.62	30.55	33.05	18.40	17.41	15.80
C00025	Glutamic acid	glu__L_c	Glutamate Metabolism	0.99	1.04	1.04	0.93	0.89	0.75	0.66	0.79	0.80	0.92	1.06	0.98	0.63	0.85	0.55	0.52	0.37	0.44	0.25	0.26	0.23	0.20	0.15	0.14	0.10	0.11	0.08	0.09	0.06	0.06	0.06	0.06	0.06	0.08	0.06	0.06	0.07	0.07	0.13	0.15	0.17	0.18	0.17	0.17	0.17	0.18	0.16	0.16	0.15	0.16	1.08	0.91	1.17	1.23	1.29	1.27	1.31	1.20	1.05	1.03	0.99	0.90	0.81	0.75	0.74	0.61	0.81	0.83	0.64	0.66	0.82	0.60	32669.88	34463.98	34279.50	30546.82	29325.20	24813.54	21714.63	26017.52	26449.00	30449.40	35091.30	32407.83	20719.71	28012.92	18180.51	17013.51	12334.81	14357.81	8154.18	8614.02	7516.44	6540.84	4788.46	4644.06	3415.50	3688.83	2590.71	2826.57	2073.51	2058.81	1995.93	2058.97	2118.84	2718.11	2041.19	1948.97	2415.56	2408.00	4246.53	5037.73	5626.09	6038.34	5625.49	5692.67	5732.17	5802.68	5410.69	5140.79	5060.73	5246.28	35551.24	30149.97	38658.88	40494.73	42565.85	41795.55	43369.30	39469.85	34600.10	33876.33	32761.57	29617.97	26774.16	24797.72	24292.12	19965.38	26587.67	27394.28	21157.32	21648.20	26988.66	19677.40
C00064	Glutamine	gln__L_c	Glutamate Metabolism	0.96	0.84	0.97	1.23	0.27	0.21	0.14	0.20	0.42	0.47	0.74	0.56	0.29	0.36	0.26	0.29	0.18	0.20	0.13	0.15	0.15	0.11	0.07	0.08	0.05	0.06	0.04	0.03	0.03	0.03	0.02	0.02	0.02	0.02	0.02	0.02	0.02	0.03	0.06	0.06	0.07	0.06	0.06	0.05	0.04	0.04	0.04	0.03	0.03	0.03	1.32	1.07	1.26	1.59	1.61	1.72	1.33	1.18	1.11	0.72	1.19	0.60	0.78	0.39	1.08	0.32	0.88	0.43	0.81	0.38	2.02	0.54	3646.18	3185.32	3708.07	4696.79	1038.24	811.43	519.04	758.35	1617.01	1803.84	2830.34	2114.39	1116.83	1385.62	974.21	1092.63	689.24	743.04	502.11	565.76	560.56	422.86	260.48	299.14	193.88	227.38	136.54	124.82	107.20	110.99	87.00	88.47	89.77	88.61	81.51	78.24	86.21	97.93	214.44	246.26	276.31	223.06	214.57	185.68	151.16	159.16	135.10	120.86	108.48	122.41	5019.12	4093.37	4796.20	6065.54	6118.56	6535.76	5082.88	4480.10	4242.41	2749.60	4517.41	2285.78	2986.40	1491.15	4095.06	1202.84	3360.36	1653.04	3097.30	1441.02	7684.66	2040.80
C00093	Glycerol 3-Phosphate	glyc3p_c	Glycolysis/Gluconeogenesis	1.00	0.87	1.03	1.10	1.25	0.96	3.78	2.86	1.45	0.94	0.30	0.40	0.82	0.59	0.68	0.60	0.31	0.42	0.45	0.41	0.27	0.30	0.33	0.27	0.37	0.37	0.43	0.40	0.41	0.42	0.35	0.34	0.32	0.35	0.28	0.28	0.39	0.38	0.39	0.42	0.36	0.25	0.48	0.74	0.32	0.42	0.37	0.42	0.58	0.87	0.95	1.15	0.97	1.27	0.73	1.02	0.84	1.17	1.34	1.31	1.28	1.62	1.05	1.17	1.67	1.22	1.13	1.89	0.96	1.44	2.44	1.84	-	-	-	-	-	-	-	-	-	-	-	-	-	-	-	-	-	-	-	-	-	-	-	-	-	-	-	-	-	-	-	-	-	-	-	-	-	-	-	-	-	-	-	-	-	-	-	-	-	-	-	-	-	-	-	-	-	-	-	-	-	-	-	-	-	-	-	-	-	-	-	-
C00037	Glycine	gly_c	Glycine and Serine Metabolism	0.96	1.09	0.85	1.10	1.17	1.05	1.39	0.75	0.80	0.67	3.87	0.96	0.46	0.62	0.50	0.72	0.54	0.57	1.35	0.73	2.06	0.59	0.58	0.61	0.49	0.57	0.66	0.65	0.57	0.52	0.70	0.73	0.79	0.60	0.43	0.48	0.56	0.47	0.97	0.55	0.74	0.50	0.65	0.59	0.48	0.51	0.35	0.49	0.58	0.53	0.81	0.95	0.90	0.77	1.79	1.94	0.84	1.21	0.65	0.78	0.84	1.13	1.28	1.62	3.59	2.28	1.75	2.35	1.37	1.37	2.26	1.70	414.07	473.22	368.01	474.15	504.68	455.21	599.23	324.52	345.75	291.03	1671.81	416.79	198.78	268.48	215.22	310.86	235.30	246.42	582.67	313.91	892.65	256.99	249.92	265.22	210.29	246.38	285.36	281.33	245.96	224.06	301.41	317.00	341.16	260.23	185.37	206.18	240.11	201.26	419.14	238.63	318.06	214.77	280.01	254.57	208.79	221.02	149.64	212.50	252.00	227.76	351.52	412.45	387.56	330.95	775.43	840.12	361.22	524.99	279.34	337.25	363.46	486.67	553.98	699.19	1550.21	986.14	756.11	1017.73	592.18	593.44	977.60	734.78
C00266	Glycolaldehyde	gcald_c	Cofactor and Prosthetic Group Biosynthesis	1.06	1.10	0.66	1.18	0.03	0.04	0.03	0.04	0.03	0.02	0.04	0.04	0.02	0.05	0.04	0.03	0.02	0.05	0.04	0.04	0.03	0.04	0.04	0.05	0.04	0.03	0.03	0.02	0.04	0.05	0.07	0.04	0.03	0.04	0.04	0.04	0.03	0.04	0.03	0.02	0.03	0.05	0.04	0.04	0.05	0.03	0.04	0.04	0.04	0.04	1.74	1.65	1.88	1.22	1.53	1.32	1.07	1.85	0.74	0.65	0.80	1.11	1.03	0.53	0.64	0.68	0.70	0.53	0.28	0.53	0.39	0.17	-	-	-	-	-	-	-	-	-	-	-	-	-	-	-	-	-	-	-	-	-	-	-	-	-	-	-	-	-	-	-	-	-	-	-	-	-	-	-	-	-	-	-	-	-	-	-	-	-	-	-	-	-	-	-	-	-	-	-	-	-	-	-	-	-	-	-	-	-	-	-	-
C00144	GMP	gmp_c	Purine and Pyrimidine Biosynthesis	1.08	0.80	1.05	1.06	6.48	6.95	5.16	2.67	1.58	1.05	0.73	0.91	2.68	2.10	3.20	4.69	5.57	5.49	6.48	5.48	7.05	7.64	9.15	8.63	8.02	8.89	11.94	9.96	9.47	10.98	14.71	10.96	12.18	13.35	10.11	9.89	15.51	12.99	12.67	11.49	11.25	9.73	12.70	9.38	10.57	11.56	12.84	14.01	14.57	17.32	0.96	0.97	1.65	1.44	0.92	1.05	1.04	1.12	0.84	0.77	1.04	3.03	1.87	1.72	3.83	1.84	1.18	1.21	5.58	3.35	3.09	2.25	4.46	3.32	4.34	4.38	26.74	28.68	21.30	11.00	6.51	4.33	3.03	3.76	11.06	8.68	13.20	19.35	22.97	22.64	26.76	22.61	29.08	31.51	37.77	35.60	33.09	36.67	49.27	41.10	39.07	45.32	60.72	45.22	50.27	55.10	41.72	40.81	64.00	53.61	52.28	47.43	46.44	40.14	52.39	38.70	43.63	47.70	52.99	57.81	60.12	71.46	3.96	3.99	6.79	5.95	3.80	4.34	4.28	4.62	3.45	3.20	4.30	12.50	7.71	7.08	15.81	7.59	4.86	4.98	23.02	13.81	12.75	9.30
C00044	GTP	gtp_c	Purine and Pyrimidine Biosynthesis	1.00	0.81	1.14	1.05	0.30	0.29	0.41	0.25	0.23	0.25	0.24	0.16	0.09	0.16	0.10	0.14	0.11	0.16	0.10	0.10	0.10	0.12	0.11	0.09	0.08	0.08	0.10	0.09	0.09	0.14	0.10	0.11	0.11	0.11	0.16	0.11	0.18	0.17	0.19	0.14	0.13	0.13	0.12	0.16	0.11	0.24	0.19	0.17	0.17	0.18	0.87	0.89	0.99	1.08	0.58	0.82	1.30	0.89	1.03	1.35	0.99	1.36	2.02	1.50	1.23	1.09	1.67	1.28	1.83	0.90	1.43	0.74	364.96	296.87	415.71	382.44	109.12	107.26	149.55	92.12	84.45	92.11	87.51	60.09	34.50	58.21	36.17	50.70	38.50	57.47	37.61	36.29	37.12	42.48	40.30	31.56	30.61	29.23	37.78	33.41	32.58	52.42	37.41	41.51	40.30	41.14	56.87	40.45	64.44	62.27	68.17	51.76	46.89	47.16	45.45	58.77	41.80	87.12	70.07	60.48	60.32	65.12	316.31	326.05	360.80	395.40	213.24	298.49	476.00	325.09	375.51	491.35	360.60	495.34	736.63	546.82	449.97	399.24	610.51	466.54	669.48	328.86	522.42	270.21
C00242	Guanine	gua_c	Nucleotide Salvage Pathway	0.95	1.04	0.94	1.07	34.94	42.58	30.46	43.51	32.18	35.77	40.72	35.85	32.91	47.92	41.16	45.30	45.07	57.97	38.36	75.28	36.62	55.46	44.92	41.36	47.82	39.50	37.69	31.20	32.92	24.54	10.94	13.44	8.79	8.92	6.07	5.19	5.28	5.14	6.76	4.30	8.52	5.78	9.91	8.69	8.44	10.05	7.51	10.52	10.05	12.94	5.16	6.09	2.61	2.94	4.10	3.17	4.19	3.55	1.47	3.42	1.43	1.64	1.21	7.23	1.28	11.29	1.98	7.21	0.94	23.19	1.74	20.07	3.81	4.17	3.80	4.32	140.62	171.36	122.58	175.13	129.49	143.94	163.87	144.28	132.46	192.86	165.65	182.32	181.41	233.30	154.38	302.97	147.36	223.21	180.79	166.46	192.47	158.96	151.68	125.55	132.49	98.76	44.02	54.09	35.39	35.89	24.41	20.87	21.24	20.71	27.20	17.30	34.30	23.24	39.90	34.97	33.96	40.44	30.23	42.32	40.46	52.10	20.79	24.52	10.49	11.82	16.50	12.76	16.88	14.29	5.91	13.76	5.77	6.59	4.86	29.11	5.14	45.42	7.96	29.02	3.79	93.34	6.99	80.79
C00387	Guanosine	gsn_c	Nucleotide Salvage Pathway	1.11	0.98	0.97	0.94	3.70	3.35	2.38	2.21	1.45	1.11	2.34	1.66	3.03	1.73	3.85	1.88	2.46	1.81	2.09	2.04	1.89	1.51	2.00	3.26	4.21	3.15	3.84	2.20	3.09	3.53	2.90	3.99	3.77	3.49	2.48	2.20	3.05	3.48	3.00	2.26	3.20	2.78	3.92	2.97	2.86	3.76	4.69	4.28	5.29	4.49	4.21	4.92	2.07	2.14	4.98	5.17	4.26	3.73	2.60	3.61	1.28	3.37	1.62	6.05	7.89	14.69	2.05	9.22	2.23	48.37	5.52	18.67	0.58	0.51	0.51	0.49	1.94	1.76	1.25	1.16	0.76	0.58	1.23	0.87	1.59	0.91	2.02	0.99	1.29	0.95	1.10	1.07	0.99	0.79	1.05	1.71	2.21	1.65	2.01	1.15	1.62	1.85	1.52	2.09	1.98	1.83	1.30	1.15	1.60	1.83	1.57	1.19	1.68	1.46	2.05	1.56	1.50	1.97	2.46	2.24	2.77	2.35	2.21	2.58	1.09	1.12	2.61	2.71	2.23	1.96	1.37	1.89	0.67	1.77	0.85	3.17	4.14	7.70	1.08	4.84	1.17	25.35	2.90	9.79
-	Hexose-Phosphate	-	-	1.01	0.83	1.28	0.89	0.06	0.05	0.05	0.06	0.08	0.08	0.08	0.06	0.04	0.03	0.03	0.03	0.02	0.04	0.02	0.04	0.01	0.02	0.02	0.01	0.01	0.01	0.01	0.01	0.01	0.01	0.01	0.01	0.01	0.01	0.01	0.01	0.01	0.01	0.01	0.01	0.01	0.01	0.01	0.01	0.01	0.01	0.01	0.01	0.02	0.01	0.89	1.15	1.94	1.88	1.28	1.48	1.19	1.44	1.06	0.88	1.19	0.96	1.01	0.82	1.25	0.57	0.88	0.72	1.07	0.72	1.72	0.61	-	-	-	-	-	-	-	-	-	-	-	-	-	-	-	-	-	-	-	-	-	-	-	-	-	-	-	-	-	-	-	-	-	-	-	-	-	-	-	-	-	-	-	-	-	-	-	-	-	-	-	-	-	-	-	-	-	-	-	-	-	-	-	-	-	-	-	-	-	-	-	-
C00135	Histidine	his__L_c	Histidine Metabolism	1.24	0.89	0.85	1.02	1.42	1.26	0.28	0.42	0.61	0.69	3.57	0.72	0.46	0.63	0.75	0.79	1.51	1.84	3.78	3.77	9.46	5.55	7.67	8.52	16.21	17.17	22.25	20.55	26.34	29.06	34.35	35.51	50.54	43.49	43.59	40.73	48.12	45.31	58.48	59.75	46.08	51.00	51.64	51.06	60.15	47.83	46.32	50.19	40.91	48.32	8.59	7.44	8.98	8.27	11.00	9.26	5.55	5.12	0.60	0.44	0.60	0.44	0.49	0.31	0.72	0.33	0.67	0.48	0.49	0.38	1.05	0.46	86.40	62.04	59.34	71.17	99.29	87.60	19.63	29.33	42.21	48.15	248.75	50.33	31.75	44.02	52.38	55.24	105.37	128.30	263.61	262.76	659.57	386.85	535.00	594.20	1130.70	1197.56	1551.57	1433.01	1837.24	2026.87	2395.31	2476.16	3524.32	3032.67	3040.08	2840.62	3355.94	3160.00	4078.34	4167.10	3213.48	3556.39	3601.43	3561.18	4195.09	3335.59	3230.41	3500.02	2853.08	3369.70	599.40	518.57	626.10	576.66	767.30	645.47	387.09	357.28	41.56	30.90	41.82	30.70	34.05	21.49	50.05	23.21	46.58	33.67	34.02	26.33	72.89	31.81
C00860	Histidinol	histd_c	Histidine Metabolism	1.20	0.83	0.97	1.00	0.07	0.15	0.10	0.17	0.12	0.04	0.18	0.08	0.06	0.08	0.05	0.09	0.06	0.05	0.05	0.11	0.05	0.09	0.08	0.06	0.09	0.05	0.09	0.08	0.12	0.07	0.02	0.08	0.08	0.06	0.03	0.07	0.04	0.06	0.08	0.06	0.04	0.08	0.06	0.05	0.05	0.06	0.05	0.06	0.06	0.07	0.04	0.07	0.04	0.03	0.05	0.04	0.04	0.05	0.37	0.70	0.61	1.08	0.78	1.63	1.38	1.47	0.76	1.37	0.51	0.91	1.09	0.67	12.84	8.89	10.36	10.64	0.78	1.62	1.04	1.86	1.31	0.42	1.91	0.88	0.67	0.85	0.53	0.96	0.68	0.58	0.55	1.17	0.58	0.93	0.81	0.67	0.96	0.49	0.91	0.88	1.26	0.71	0.19	0.81	0.89	0.65	0.37	0.70	0.44	0.62	0.84	0.66	0.46	0.88	0.64	0.56	0.49	0.68	0.50	0.67	0.59	0.76	0.38	0.74	0.47	0.29	0.54	0.39	0.41	0.49	4.00	7.46	6.52	11.49	8.35	17.43	14.79	15.74	8.14	14.60	5.47	9.68	11.61	7.17
C00263	Homoserine	hom__L_c	Methionine Metabolism	0.89	1.13	0.99	0.99	0.95	0.92	0.51	0.81	0.79	0.76	1.25	0.81	0.29	0.39	0.26	0.33	0.26	0.28	0.31	0.33	0.46	0.26	0.28	0.27	0.33	0.36	0.39	0.33	0.39	0.31	0.38	0.35	0.39	0.35	0.29	0.35	0.37	0.32	0.47	0.36	0.32	0.32	0.34	0.27	0.27	0.29	0.29	0.25	0.25	0.28	0.60	0.64	0.79	0.85	3.33	0.90	0.80	0.87	0.96	0.79	1.08	0.99	0.90	0.65	1.23	0.59	1.33	1.16	0.90	0.77	2.40	0.81	210.64	268.80	236.35	235.31	226.13	218.99	121.07	191.43	187.86	180.46	296.82	191.82	68.72	93.81	62.65	78.40	60.64	66.72	74.18	77.45	108.29	62.08	66.18	63.37	78.89	85.09	93.48	79.37	93.78	74.47	90.72	83.35	93.37	84.14	69.59	84.08	87.87	74.98	112.80	84.81	75.94	76.20	81.12	64.95	64.09	69.74	68.94	60.27	60.03	65.74	142.85	153.15	186.99	202.48	790.92	215.03	189.19	206.64	229.37	187.16	256.09	235.79	214.38	154.54	292.04	140.85	317.09	276.23	214.53	184.01	569.74	193.29
C00262	Hypoxanthine	hxan_c	Nucleotide Salvage Pathway	1.09	1.11	0.82	0.97	23.23	29.12	44.57	49.28	46.26	50.45	82.14	40.26	42.73	45.15	40.72	48.50	40.24	51.23	51.75	75.95	58.46	62.85	77.60	74.10	113.87	101.56	144.53	144.59	199.93	223.83	282.75	260.95	300.60	314.19	248.99	304.35	319.55	403.90	416.24	399.61	353.91	423.86	420.15	383.74	419.96	519.16	420.15	416.80	474.78	651.84	165.85	256.01	1.68	1.47	5.64	1.56	2.27	1.30	1.01	0.87	0.95	0.94	0.66	30.69	1.07	54.12	0.91	20.61	0.87	101.17	1.10	41.88	0.84	0.86	0.63	0.75	17.92	22.46	34.38	38.01	35.68	38.91	63.36	31.06	32.96	34.82	31.41	37.41	31.03	39.52	39.91	58.58	45.09	48.48	59.86	57.15	87.82	78.33	111.47	111.52	154.20	172.64	218.09	201.27	231.85	242.33	192.05	234.75	246.47	311.52	321.05	308.22	272.97	326.92	324.06	295.98	323.92	400.43	324.06	321.47	366.20	502.76	127.92	197.46	1.30	1.13	4.35	1.21	1.75	1.00	0.78	0.67	0.74	0.72	0.51	23.67	0.83	41.74	0.70	15.90	0.67	78.03	0.85	32.30
C00130	IMP	imp_c	Purine and Pyrimidine Biosynthesis	1.29	0.76	0.88	1.06	0.36	0.37	0.33	0.29	0.14	0.11	0.11	0.14	0.24	0.26	0.42	0.42	0.42	0.54	0.48	1.06	0.98	0.75	0.89	0.89	0.64	0.72	0.77	0.57	0.72	1.11	0.87	0.50	0.77	0.94	0.54	0.84	0.57	0.73	0.48	0.62	0.46	0.52	0.66	0.66	0.62	0.54	0.67	0.71	0.62	1.02	0.76	0.28	1.06	1.28	0.28	0.48	0.29	0.37	0.79	1.32	1.56	3.30	1.50	8.96	4.74	11.82	2.42	8.69	2.26	9.93	3.41	4.78	64.91	38.55	44.59	53.71	18.15	18.63	16.60	14.65	7.12	5.71	5.66	7.17	12.09	13.14	21.41	21.09	21.11	27.38	24.30	53.26	49.27	37.71	44.83	44.81	32.17	36.27	38.74	28.97	36.11	55.74	43.81	25.07	39.07	47.57	27.29	42.28	28.79	36.89	24.10	31.10	23.05	26.01	33.18	33.05	31.36	27.11	33.94	35.75	31.26	51.37	38.35	14.19	53.63	64.32	13.89	24.19	14.51	18.90	39.75	66.42	78.84	166.42	75.45	452.07	239.15	596.40	121.85	438.38	113.76	501.12	171.91	240.94
C00294	Inosine	ins_c	Nucleotide Salvage Pathway	1.03	0.80	1.01	1.16	0.68	0.70	0.59	0.59	0.43	0.30	1.12	0.34	0.18	0.41	0.32	0.33	0.31	0.27	0.26	0.36	0.25	0.21	0.42	0.36	0.55	0.33	0.69	0.74	0.54	0.78	0.57	1.14	1.65	1.61	1.09	1.40	1.73	1.92	2.56	2.06	3.39	3.12	3.03	2.12	3.28	2.95	2.70	3.88	3.42	3.98	9.28	8.91	0.31	0.98	0.52	0.43	0.40	0.56	1.10	1.16	0.94	2.07	1.51	9.42	10.17	13.63	1.11	8.01	1.14	21.22	3.48	9.20	0.72	0.56	0.71	0.81	0.48	0.49	0.42	0.41	0.30	0.21	0.78	0.24	0.13	0.28	0.22	0.23	0.22	0.19	0.18	0.25	0.18	0.14	0.29	0.25	0.38	0.23	0.48	0.52	0.38	0.54	0.40	0.80	1.16	1.13	0.76	0.98	1.21	1.34	1.79	1.44	2.37	2.18	2.12	1.49	2.30	2.07	1.89	2.71	2.39	2.78	6.49	6.23	0.22	0.69	0.36	0.30	0.28	0.39	0.77	0.81	0.65	1.45	1.05	6.59	7.11	9.54	0.78	5.60	0.80	14.84	2.43	6.44
C00104	Inosine diphosphate	idp_c	Nucleotide Salvage Pathway	0.95	0.65	1.06	1.34	2.08	2.46	2.50	1.51	1.69	1.02	1.35	1.40	1.33	1.45	1.80	2.50	1.86	2.92	2.75	3.43	2.13	2.27	2.68	3.02	2.45	2.30	3.20	2.48	3.01	2.95	3.47	1.83	2.92	2.83	2.26	2.09	2.71	2.28	1.96	1.58	2.38	2.06	1.83	2.00	1.31	2.26	2.80	1.97	2.89	2.78	1.09	1.01	0.90	1.09	0.97	0.68	0.93	0.84	0.76	0.69	0.51	0.83	1.17	0.66	1.50	0.82	1.05	0.86	0.95	0.98	1.41	0.98	-	-	-	-	-	-	-	-	-	-	-	-	-	-	-	-	-	-	-	-	-	-	-	-	-	-	-	-	-	-	-	-	-	-	-	-	-	-	-	-	-	-	-	-	-	-	-	-	-	-	-	-	-	-	-	-	-	-	-	-	-	-	-	-	-	-	-	-	-	-	-	-
C00129	Isopentenyl diphosphate / Dimethylallyl diphosphate	ipdp_c	Cofactor and Prosthetic Group Biosynthesis	0.83	0.58	0.92	1.67	0.32	0.26	2.64	1.69	0.40	0.41	0.46	0.36	0.46	0.40	0.18	0.21	0.22	0.13	0.20	0.07	0.17	0.07	0.08	0.09	0.18	0.09	0.11	0.17	0.15	0.12	0.09	0.11	0.11	0.13	0.11	0.09	0.08	0.09	0.09	0.11	0.10	0.13	0.12	0.05	0.13	0.06	0.11	0.12	0.12	0.13	0.21	0.22	0.27	0.29	0.39	0.35	0.38	0.35	0.48	0.52	0.36	0.41	0.57	0.50	0.88	0.46	0.71	1.04	1.14	0.73	5.08	1.34	-	-	-	-	-	-	-	-	-	-	-	-	-	-	-	-	-	-	-	-	-	-	-	-	-	-	-	-	-	-	-	-	-	-	-	-	-	-	-	-	-	-	-	-	-	-	-	-	-	-	-	-	-	-	-	-	-	-	-	-	-	-	-	-	-	-	-	-	-	-	-	-
-	Leucine/Isoleucine	leu__L_c / ile__L_c	Valine, Leucine, and Isoleucine Metabolism	0.94	1.09	0.96	1.01	0.72	0.72	0.44	0.67	0.55	0.65	1.81	0.75	0.50	0.65	0.57	0.86	0.88	1.02	1.88	1.81	3.57	2.88	2.25	2.46	2.79	3.07	2.79	2.50	2.77	2.73	2.95	2.75	3.44	2.62	2.56	2.72	3.10	2.91	4.13	2.62	3.26	2.86	3.53	4.01	3.40	4.05	3.04	3.41	4.64	7.09	8.71	7.95	7.95	7.79	6.65	6.52	0.79	0.94	0.56	0.52	0.69	0.72	0.72	0.79	0.90	0.65	0.64	0.69	0.92	0.80	2.16	1.03	231.99	267.37	234.89	247.80	176.15	176.95	109.15	163.94	134.55	158.86	444.12	184.47	121.90	160.01	139.20	210.67	216.32	251.09	462.03	443.51	877.00	706.65	552.38	605.08	684.29	753.53	685.63	613.15	680.41	671.43	725.17	675.51	845.32	644.45	628.28	666.82	761.00	714.82	1014.58	643.13	799.62	701.22	865.50	985.26	835.36	995.18	746.45	837.61	1139.35	1740.75	2138.64	1952.47	1951.87	1912.89	1633.52	1599.94	193.40	230.76	136.81	128.59	168.47	176.32	176.52	193.56	221.58	159.81	158.26	168.31	225.69	195.61	530.50	253.45
C00047	Lysine	lys__L_c	Threonine and Lysine Metabolism	1.06	0.89	0.98	1.07	0.86	0.97	1.09	1.60	1.18	1.62	2.51	1.48	1.51	1.70	1.17	1.51	1.31	1.41	1.25	1.60	1.64	1.65	1.93	2.05	2.00	2.10	2.96	2.85	3.72	3.21	4.12	3.82	3.96	5.03	4.01	4.21	5.19	3.96	5.21	4.43	5.16	5.40	4.71	4.79	3.38	4.66	3.59	3.53	3.66	4.55	0.94	1.06	0.55	0.53	1.39	1.36	1.01	1.09	0.57	0.59	0.60	0.54	0.63	0.48	0.94	0.54	0.70	0.73	0.67	0.64	1.71	0.64	705.78	595.92	655.52	710.38	576.32	643.59	729.07	1069.36	784.91	1081.08	1670.59	987.39	1009.01	1131.15	780.78	1006.30	875.59	942.30	835.24	1064.81	1092.66	1101.08	1288.88	1367.83	1330.87	1401.85	1970.76	1903.80	2483.28	2139.99	2748.78	2550.08	2642.53	3355.01	2672.83	2805.28	3460.03	2638.78	3476.72	2951.36	3443.65	3600.17	3140.71	3196.67	2252.80	3106.96	2392.81	2357.12	2440.80	3035.50	624.20	709.44	365.39	355.82	927.66	908.63	670.33	729.06	380.63	396.76	399.63	361.27	421.67	322.67	627.26	358.42	465.90	486.19	448.46	427.98	1141.97	429.50
C00149	Malate	mal__L_c	Citric Acid Cycle	1.26	0.91	0.91	0.92	0.35	0.17	0.12	0.14	0.11	0.13	0.12	0.09	0.07	0.03	0.05	0.04	0.04	0.03	0.04	0.04	0.04	0.04	0.04	0.04	0.04	0.04	0.05	0.04	0.04	0.04	0.05	0.04	0.03	0.04	0.03	0.04	0.04	0.02	0.03	0.03	0.04	0.03	0.03	0.03	0.03	0.03	0.03	0.03	0.03	0.03	0.56	0.44	0.85	1.08	0.83	0.82	0.71	0.73	0.77	1.09	1.04	1.03	0.88	1.21	1.35	1.07	0.91	1.23	0.87	1.26	1.57	1.11	2667.41	1935.62	1939.24	1957.41	734.65	363.18	255.80	293.16	233.31	268.81	245.89	190.29	139.54	74.34	115.17	76.80	82.40	60.55	82.84	87.06	78.43	93.39	87.05	75.12	84.44	83.55	108.20	79.73	80.03	80.92	113.52	86.85	68.21	81.94	72.18	79.62	74.38	48.36	60.35	56.24	87.85	62.05	59.83	57.57	54.81	66.88	71.08	69.68	56.10	61.54	1180.74	938.61	1798.76	2298.85	1760.27	1749.35	1500.88	1545.40	1640.05	2325.92	2211.22	2192.80	1870.32	2573.10	2858.56	2276.21	1939.13	2623.35	1858.70	2676.85	3331.97	2364.58
C00073	Methionine	met__L_c	Methionine Metabolism	0.80	1.30	0.91	0.99	1.12	0.82	0.41	0.70	0.65	0.78	1.31	0.56	0.53	0.59	0.60	0.54	0.49	0.51	0.58	0.44	0.58	0.45	0.58	0.59	1.06	1.11	2.04	1.93	1.80	2.05	2.61	2.25	2.56	3.34	3.43	4.10	4.04	4.65	7.42	6.53	6.88	6.39	9.04	8.06	6.76	6.57	7.09	7.48	8.37	9.49	8.62	7.42	5.81	7.16	0.62	0.60	0.57	0.57	0.48	0.65	0.31	0.54	0.51	1.02	1.48	1.22	0.76	1.78	0.82	1.44	1.72	1.02	43.98	71.69	49.97	54.26	61.62	44.90	22.73	38.34	35.88	43.03	72.22	30.97	28.95	32.65	32.79	29.63	26.88	28.14	31.82	24.10	32.03	24.54	31.63	32.62	58.10	61.23	112.12	106.09	98.80	112.94	143.64	123.76	140.70	183.60	188.54	225.29	221.93	255.87	408.10	359.24	378.04	351.41	497.17	443.16	371.71	361.06	389.60	411.27	460.20	521.88	474.11	407.98	319.57	393.84	34.16	32.84	31.59	31.56	26.43	35.71	16.82	29.64	27.83	55.84	81.37	67.29	41.78	97.64	44.98	79.23	94.38	55.84
C03296	N2-Succinyl-arginine	sucarg_c	Arginine and Proline Metabolism	0.91	1.12	0.88	1.10	1.01	1.04	0.75	0.63	1.85	2.79	20.58	17.62	0.64	0.65	0.67	0.65	1.45	1.18	3.29	3.39	5.26	7.20	6.22	8.03	12.17	14.60	26.25	14.26	23.00	28.37	20.92	20.79	19.69	22.51	24.09	24.79	17.74	29.84	30.89	31.66	22.23	38.17	25.14	17.63	19.33	18.26	14.02	21.59	10.68	15.26	13.08	6.82	2.39	2.10	146.79	268.04	213.05	162.42	26.48	22.06	7.21	11.66	4.70	10.78	8.45	5.89	2.76	5.53	1.92	1.39	2.45	1.32	-	-	-	-	-	-	-	-	-	-	-	-	-	-	-	-	-	-	-	-	-	-	-	-	-	-	-	-	-	-	-	-	-	-	-	-	-	-	-	-	-	-	-	-	-	-	-	-	-	-	-	-	-	-	-	-	-	-	-	-	-	-	-	-	-	-	-	-	-	-	-	-
C05931	N2-Succinyl-glutamate	sucglu_c	Arginine and Proline Metabolism	0.84	1.17	1.22	0.77	0.96	0.80	0.72	0.97	0.55	0.48	0.65	0.63	0.72	0.62	0.68	0.56	0.62	0.51	0.62	0.73	0.56	0.67	0.67	0.79	0.73	0.84	0.88	0.94	0.76	0.94	0.93	1.18	1.08	1.11	1.03	0.63	0.92	0.89	0.83	0.88	0.72	0.87	1.00	0.95	0.89	0.77	0.68	0.74	0.78	0.78	2.18	1.16	1.85	2.44	4.44	5.32	3.88	4.22	1.98	1.80	1.63	1.58	1.46	2.20	1.44	1.24	1.13	1.12	0.90	0.97	1.78	0.94	-	-	-	-	-	-	-	-	-	-	-	-	-	-	-	-	-	-	-	-	-	-	-	-	-	-	-	-	-	-	-	-	-	-	-	-	-	-	-	-	-	-	-	-	-	-	-	-	-	-	-	-	-	-	-	-	-	-	-	-	-	-	-	-	-	-	-	-	-	-	-	-
C00357	N-Acetyl-D-Glucosamine-P	acgam6p_c	Murein Recycling	1.24	0.59	1.16	1.01	0.51	0.42	0.47	0.52	0.36	0.36	0.27	0.27	0.32	0.23	0.27	0.25	0.30	0.24	0.20	0.19	0.25	0.31	0.14	0.18	0.21	0.18	0.26	0.14	0.27	0.35	0.17	0.20	0.21	0.30	0.17	0.16	0.20	0.21	0.20	0.24	0.20	0.25	0.11	0.15	0.14	0.14	0.15	0.17	0.27	0.07	0.39	0.29	0.40	0.27	0.39	0.25	0.44	0.36	0.43	0.43	0.60	0.40	0.73	0.51	1.10	0.59	1.07	0.93	1.37	1.02	3.21	1.32	-	-	-	-	-	-	-	-	-	-	-	-	-	-	-	-	-	-	-	-	-	-	-	-	-	-	-	-	-	-	-	-	-	-	-	-	-	-	-	-	-	-	-	-	-	-	-	-	-	-	-	-	-	-	-	-	-	-	-	-	-	-	-	-	-	-	-	-	-	-	-	-
C00624	N-Acetyl-Glutamic acid	acglu_c	Arginine and Proline Metabolism	0.96	1.13	0.92	0.99	1.39	1.15	0.11	0.10	0.03	0.04	0.04	0.02	0.05	0.06	0.04	0.04	0.02	0.02	0.01	0.02	0.01	0.01	0.02	0.01	0.01	0.01	0.01	0.01	0.01	0.01	0.01	0.01	0.01	0.02	0.01	0.01	0.01	0.01	0.01	0.01	0.01	0.01	0.01	0.01	0.01	0.01	0.01	0.01	0.01	0.02	0.38	0.50	1.68	1.97	0.10	0.10	0.28	0.33	0.83	1.01	2.38	2.04	1.84	1.41	1.95	1.11	0.93	0.98	0.96	0.85	2.05	0.69	-	-	-	-	-	-	-	-	-	-	-	-	-	-	-	-	-	-	-	-	-	-	-	-	-	-	-	-	-	-	-	-	-	-	-	-	-	-	-	-	-	-	-	-	-	-	-	-	-	-	-	-	-	-	-	-	-	-	-	-	-	-	-	-	-	-	-	-	-	-	-	-
C02713	N-acetylmuramate	acmum_c	-	1.09	0.71	0.93	1.27	0.74	0.79	0.64	0.41	0.22	0.30	0.16	0.21	0.12	0.14	0.12	0.10	0.07	0.07	0.06	0.08	0.06	0.09	0.06	0.07	0.05	0.07	0.08	0.05	0.06	0.10	0.04	0.06	0.06	0.10	0.05	0.05	0.04	0.06	0.06	0.08	0.08	0.07	0.07	0.06	0.05	0.04	0.08	0.09	0.08	0.11	0.07	0.06	0.14	0.07	0.12	0.14	0.18	0.21	0.19	0.19	0.14	0.18	0.38	0.26	0.57	0.29	0.57	0.69	0.79	0.69	2.88	1.06	-	-	-	-	-	-	-	-	-	-	-	-	-	-	-	-	-	-	-	-	-	-	-	-	-	-	-	-	-	-	-	-	-	-	-	-	-	-	-	-	-	-	-	-	-	-	-	-	-	-	-	-	-	-	-	-	-	-	-	-	-	-	-	-	-	-	-	-	-	-	-	-
C00437	N-Acetyl-Ornithine	acorn_c	Arginine and Proline Metabolism	0.91	1.04	1.09	0.96	0.33	0.34	0.12	0.09	0.11	0.09	0.04	0.08	0.03	0.04	0.02	0.02	0.01	0.01	0.01	0.00	0.01	0.00	0.00	0.00	0.00	0.01	0.00	0.00	0.01	0.00	0.00	0.00	0.01	0.00	0.00	0.00	0.01	0.00	0.01	0.00	0.01	0.01	0.01	0.00	0.01	0.00	0.00	0.01	0.01	0.01	1.00	0.90	1.52	2.00	1.06	1.44	1.47	1.89	1.35	1.53	1.70	1.48	1.24	0.97	1.59	0.72	1.44	1.37	1.68	1.30	3.41	0.88	-	-	-	-	-	-	-	-	-	-	-	-	-	-	-	-	-	-	-	-	-	-	-	-	-	-	-	-	-	-	-	-	-	-	-	-	-	-	-	-	-	-	-	-	-	-	-	-	-	-	-	-	-	-	-	-	-	-	-	-	-	-	-	-	-	-	-	-	-	-	-	-
C02714	N-Acetylputrescine	aprut_c	-	0.89	1.03	0.94	1.14	0.26	0.21	0.17	0.20	0.33	0.49	0.55	0.42	0.21	0.21	0.15	0.19	0.18	0.19	0.15	0.26	1.15	0.18	0.26	0.21	0.17	0.18	0.26	0.20	0.20	0.22	0.18	0.19	0.16	0.24	0.18	0.19	0.22	0.19	0.24	0.22	0.19	0.21	0.24	0.39	0.27	0.29	0.17	0.31	0.36	0.44	0.35	0.47	0.34	0.33	0.58	0.50	0.60	0.94	0.78	0.76	0.88	0.90	1.20	1.07	2.68	1.56	2.62	3.05	2.68	3.25	16.25	3.88	-	-	-	-	-	-	-	-	-	-	-	-	-	-	-	-	-	-	-	-	-	-	-	-	-	-	-	-	-	-	-	-	-	-	-	-	-	-	-	-	-	-	-	-	-	-	-	-	-	-	-	-	-	-	-	-	-	-	-	-	-	-	-	-	-	-	-	-	-	-	-	-
C00003	NAD	nad_c	Cofactor and Prosthetic Group Biosynthesis	1.36	0.87	0.86	0.90	0.79	0.79	0.91	0.88	0.97	0.81	0.58	1.04	1.00	0.85	0.84	1.25	0.80	1.14	1.12	1.24	1.23	0.96	1.21	0.81	1.22	1.12	1.43	1.01	1.15	1.11	1.46	1.54	1.54	1.34	1.14	1.13	1.28	1.31	1.30	1.43	1.42	1.20	1.72	1.19	0.98	1.72	1.49	1.40	1.41	1.39	1.13	1.16	1.38	1.08	1.28	1.16	1.08	1.24	1.07	0.85	0.86	0.92	0.73	0.82	1.08	0.68	1.04	1.15	0.90	1.10	2.06	0.96	2892.77	1859.30	1824.85	1922.78	1673.78	1688.07	1930.45	1865.52	2071.08	1712.91	1226.21	2203.14	2121.77	1809.66	1787.22	2647.81	1690.54	2422.77	2388.90	2628.32	2615.84	2050.43	2562.22	1722.16	2601.05	2375.45	3035.50	2143.31	2440.83	2356.09	3109.99	3263.60	3267.13	2850.61	2418.54	2396.51	2723.53	2794.14	2752.84	3035.15	3024.21	2541.91	3663.48	2523.91	2075.24	3651.11	3168.14	2982.41	2992.57	2945.09	2391.81	2461.94	2933.91	2301.88	2724.71	2464.04	2303.76	2640.26	2275.03	1808.76	1832.15	1949.23	1541.53	1739.47	2296.98	1439.57	2214.44	2438.75	1914.44	2338.48	4368.91	2043.28
C00004	NADH	nadh_c	Cofactor and Prosthetic Group Biosynthesis	0.76	0.72	1.20	1.31	0.15	0.38	0.57	0.07	0.14	0.35	0.40	0.24	0.09	0.24	0.32	0.28	0.10	0.38	0.22	0.22	0.12	0.26	0.13	0.11	0.12	0.25	0.16	0.28	0.24	0.39	0.26	0.22	0.17	0.33	0.12	0.52	0.26	0.36	0.28	0.28	0.13	0.22	0.16	0.15	0.31	0.30	0.16	0.17	0.14	0.22	1.17	1.16	0.96	1.12	0.72	0.66	0.40	0.67	0.99	3.42	1.01	1.35	0.51	0.98	0.79	1.35	0.76	1.37	0.90	0.71	1.97	0.93	19.84	18.79	31.22	33.94	3.91	9.86	14.74	1.89	3.62	9.09	10.26	6.17	2.25	6.27	8.29	7.38	2.48	9.90	5.79	5.75	3.18	6.69	3.35	2.87	3.04	6.36	4.10	7.37	6.27	10.03	6.86	5.70	4.33	8.45	3.15	13.54	6.65	9.47	7.15	7.15	3.49	5.68	4.10	3.88	7.92	7.75	4.21	4.51	3.67	5.73	30.38	30.10	25.04	29.17	18.57	17.06	10.25	17.34	25.59	88.67	26.28	35.07	13.13	25.45	20.45	34.93	19.66	35.49	23.41	18.45	51.18	24.24
C00006	NADP	nadp_c	Cofactor and Prosthetic Group Biosynthesis	0.90	1.05	1.11	0.94	0.95	1.15	1.95	1.11	0.98	0.81	0.85	0.81	1.00	0.90	1.74	1.19	1.10	1.22	0.97	1.32	1.32	1.00	1.32	2.16	1.16	1.16	1.50	1.29	1.41	1.13	0.92	1.09	1.12	1.59	1.02	0.88	1.04	1.18	0.96	1.10	0.80	0.94	0.84	0.84	0.76	0.81	1.36	1.44	1.05	1.18	0.73	0.80	0.44	0.64	0.65	0.44	0.43	0.40	0.66	0.38	0.34	0.70	1.01	0.76	0.90	0.72	0.87	1.09	0.73	0.49	1.03	0.69	198.21	229.26	243.75	206.02	208.56	252.21	427.60	243.49	214.45	176.91	186.05	178.01	218.84	197.74	382.60	260.75	241.94	268.46	213.05	289.86	288.68	218.42	288.85	473.70	255.18	255.10	328.36	282.83	308.92	248.60	201.79	239.00	246.22	349.26	223.73	192.70	227.16	258.51	211.17	241.31	175.11	205.91	183.52	184.48	167.39	176.56	299.05	316.29	229.99	259.87	159.84	175.45	96.67	141.24	141.48	97.58	94.82	87.88	145.43	83.58	74.29	153.81	220.84	166.50	198.23	157.05	190.34	238.54	159.89	107.44	225.08	150.53
C00005	NADPH	nadph_c	Cofactor and Prosthetic Group Biosynthesis	1.19	0.76	1.14	0.91	0.69	0.48	0.58	0.74	1.13	1.16	0.51	0.56	0.26	0.55	0.19	0.28	0.30	0.08	0.35	0.19	0.19	0.27	0.16	0.50	0.36	0.23	0.40	0.34	0.36	0.48	0.11	0.07	0.25	0.27	0.20	0.24	0.22	0.24	0.14	0.12	0.28	0.19	0.11	0.36	0.21	0.21	0.19	0.19	0.11	0.20	4.55	3.22	1.38	2.25	1.62	1.67	1.27	1.31	0.90	0.69	1.24	0.90	0.53	0.47	0.23	0.41	0.76	0.96	1.12	0.30	0.44	0.29	214.83	137.64	205.02	164.19	125.29	87.34	104.85	133.69	203.80	209.87	91.40	100.31	46.25	98.94	34.52	49.78	54.19	14.55	63.44	34.91	34.29	49.08	29.77	90.23	65.35	41.79	71.98	62.19	65.55	85.89	19.18	13.39	45.06	48.24	36.60	42.84	39.39	43.74	25.53	21.60	50.79	33.68	20.28	64.48	37.72	37.49	33.60	35.00	19.16	36.23	820.84	581.67	249.51	405.85	292.83	301.48	229.82	236.06	162.68	125.27	223.66	163.00	95.16	84.06	41.82	74.37	136.66	172.72	202.68	54.05	78.90	52.18
C00438	N-Carbamoyl-aspartate	cbasp_c	Purine and Pyrimidine Biosynthesis	1.02	1.03	1.00	0.96	0.13	0.14	0.02	0.03	0.00	0.00	0.01	0.00	0.00	0.01	0.00	0.00	0.00	0.00	0.00	0.01	0.00	0.00	0.00	0.00	0.00	0.00	0.00	0.01	0.01	0.00	0.00	0.00	0.00	0.00	0.00	0.00	0.00	0.00	0.00	0.00	0.00	0.00	0.00	0.01	0.00	0.00	0.00	0.00	0.00	0.01	0.06	0.08	0.01	0.01	0.01	0.01	0.01	0.01	0.29	0.33	0.72	0.64	0.94	1.07	1.51	1.03	0.93	0.99	0.62	0.71	1.32	0.44	-	-	-	-	-	-	-	-	-	-	-	-	-	-	-	-	-	-	-	-	-	-	-	-	-	-	-	-	-	-	-	-	-	-	-	-	-	-	-	-	-	-	-	-	-	-	-	-	-	-	-	-	-	-	-	-	-	-	-	-	-	-	-	-	-	-	-	-	-	-	-	-
C04462	N-Succinyl-2-amino-6-oxopimelate	acamoxm_c	-	0.78	0.90	1.08	1.23	1.04	1.42	0.93	1.63	1.14	1.54	1.61	1.06	1.01	1.26	1.08	1.03	1.00	1.57	1.11	1.00	1.24	1.15	1.45	1.06	1.37	1.15	0.95	1.04	1.03	1.18	0.99	0.99	0.75	1.05	0.74	1.07	0.94	1.04	1.07	1.13	0.92	0.91	1.08	0.91	0.75	0.96	1.04	0.82	1.07	0.99	0.85	1.15	0.87	0.86	0.81	0.95	0.56	0.64	0.42	0.49	0.43	0.49	0.34	0.45	0.56	0.44	0.54	0.55	0.47	0.46	0.62	0.36	-	-	-	-	-	-	-	-	-	-	-	-	-	-	-	-	-	-	-	-	-	-	-	-	-	-	-	-	-	-	-	-	-	-	-	-	-	-	-	-	-	-	-	-	-	-	-	-	-	-	-	-	-	-	-	-	-	-	-	-	-	-	-	-	-	-	-	-	-	-	-	-
C00979	O-Acetyl-Serine	acser_c	Cysteine Metabolism	1.79	0.68	0.81	0.72	0.14	0.13	0.12	0.17	0.20	0.18	0.12	0.15	0.16	0.10	0.15	0.15	0.12	0.13	0.11	0.09	0.15	0.13	0.13	0.16	0.13	0.11	0.11	0.12	0.11	0.16	0.13	0.13	0.14	0.18	0.14	0.12	0.15	0.14	0.16	0.11	0.13	0.13	0.09	0.14	0.11	0.15	0.10	0.17	0.13	0.18	1.40	1.10	1.31	1.96	6.16	4.16	5.92	5.91	0.72	0.68	0.59	0.58	0.35	0.28	0.49	0.18	0.49	0.21	0.30	0.21	0.42	0.17	-	-	-	-	-	-	-	-	-	-	-	-	-	-	-	-	-	-	-	-	-	-	-	-	-	-	-	-	-	-	-	-	-	-	-	-	-	-	-	-	-	-	-	-	-	-	-	-	-	-	-	-	-	-	-	-	-	-	-	-	-	-	-	-	-	-	-	-	-	-	-	-
C00077	Ornithine	orn_c	Arginine and Proline Metabolism	1.16	1.04	0.84	0.96	1.33	1.54	0.64	0.77	0.55	0.37	4.31	0.61	0.32	0.43	0.26	0.40	0.32	0.29	1.07	0.64	2.20	0.26	0.28	0.27	0.27	0.29	0.37	0.54	0.31	0.30	0.17	0.30	0.56	0.25	0.24	0.27	0.26	0.32	0.60	0.31	0.28	0.26	0.31	0.22	0.24	0.28	0.21	0.27	0.20	0.28	0.84	0.99	0.84	0.84	0.85	0.60	0.72	0.77	0.53	0.52	0.57	0.50	0.42	0.33	0.50	0.31	0.50	0.45	0.57	0.41	1.48	0.49	-	-	-	-	-	-	-	-	-	-	-	-	-	-	-	-	-	-	-	-	-	-	-	-	-	-	-	-	-	-	-	-	-	-	-	-	-	-	-	-	-	-	-	-	-	-	-	-	-	-	-	-	-	-	-	-	-	-	-	-	-	-	-	-	-	-	-	-	-	-	-	-
C00295	Orotate	orot_c	Purine and Pyrimidine Biosynthesis	0.95	0.94	0.98	1.13	0.13	0.16	0.16	0.23	0.06	0.06	0.06	0.04	0.05	0.06	0.05	0.06	0.07	0.06	0.07	0.13	0.07	0.10	0.09	0.09	0.08	0.09	0.09	0.09	0.11	0.09	0.07	0.08	0.08	0.07	0.06	0.07	0.06	0.06	0.08	0.09	0.07	0.09	0.11	0.11	0.08	0.08	0.08	0.08	0.10	0.14	0.10	0.12	0.08	0.06	0.08	0.06	0.07	0.08	0.17	0.20	0.32	0.31	0.57	0.45	1.13	0.64	1.59	1.89	1.35	1.64	4.89	1.93	5209.90	5117.20	5350.47	6205.08	714.45	884.20	883.52	1273.70	332.29	346.84	355.15	196.13	270.16	325.04	279.71	313.00	371.30	330.78	387.40	706.70	389.11	524.32	471.35	483.11	421.31	475.34	469.85	476.64	589.49	475.52	378.57	421.56	427.85	408.58	311.96	359.69	307.79	346.83	458.37	516.34	359.90	468.73	575.50	608.59	459.48	457.97	421.77	449.21	520.46	764.03	546.63	654.62	425.10	332.04	433.97	352.44	402.73	442.47	934.65	1073.90	1746.74	1686.46	3122.64	2447.23	6178.94	3484.91	8710.93	10351.97	7404.99	8981.06	26736.82	10571.11
C01118	O-Succinyl-homoserine	suchms_c	Methionine Metabolism	1.21	0.75	1.04	1.00	0.09	0.05	0.05	0.03	0.04	0.03	0.02	0.03	0.02	0.02	0.01	0.01	0.01	0.01	0.01	0.01	0.00	0.01	0.01	0.00	0.00	0.00	0.01	0.00	0.01	0.00	0.00	0.01	0.01	0.01	0.00	0.00	0.01	0.01	0.00	0.01	0.01	0.01	0.01	0.01	0.00	0.00	0.00	0.00	0.01	0.01	0.02	0.02	0.03	0.04	1.77	1.20	0.98	0.99	0.29	0.21	0.44	0.35	0.39	0.11	0.68	0.11	0.42	0.23	0.48	0.15	1.11	0.24	-	-	-	-	-	-	-	-	-	-	-	-	-	-	-	-	-	-	-	-	-	-	-	-	-	-	-	-	-	-	-	-	-	-	-	-	-	-	-	-	-	-	-	-	-	-	-	-	-	-	-	-	-	-	-	-	-	-	-	-	-	-	-	-	-	-	-	-	-	-	-	-
C00127	Oxidized glutathione	gthox_c	Cofactor and Prosthetic Group Biosynthesis	1.03	0.94	0.99	1.04	2.29	2.19	3.01	2.22	2.25	2.16	1.47	1.97	2.63	2.02	2.15	1.92	2.32	2.11	1.74	1.85	1.79	1.96	1.97	1.87	1.90	1.67	1.86	2.13	1.48	1.39	1.67	2.14	1.65	2.09	1.50	1.31	1.31	1.14	1.18	1.07	0.91	0.88	1.03	1.03	0.96	1.11	0.99	1.02	0.93	1.12	1.33	1.27	1.15	1.25	1.01	0.66	0.47	0.48	0.83	0.74	1.28	1.39	1.37	1.25	4.08	2.08	1.39	1.78	1.57	1.83	9.93	1.84	333.73	304.46	321.90	339.23	742.45	712.68	976.75	720.92	732.22	700.76	477.21	640.22	854.93	656.36	698.87	623.32	753.73	686.75	566.59	602.15	581.65	636.69	640.59	608.42	617.49	541.24	605.80	690.80	480.95	451.25	542.43	694.89	537.27	678.94	488.59	426.28	426.02	370.42	384.74	347.67	296.35	286.22	333.93	335.02	311.40	358.97	320.93	331.37	301.64	363.52	432.90	411.93	374.77	407.25	326.92	213.63	151.09	155.17	268.50	240.25	414.98	452.11	445.05	405.88	1323.97	675.32	451.44	578.17	509.06	593.18	3225.04	596.46
-	Pentose-P	-	-	1.19	0.86	0.95	1.01	0.12	0.12	0.09	0.10	0.06	0.05	0.07	0.05	0.05	0.07	0.07	0.07	0.04	0.06	0.03	0.04	0.03	0.05	0.02	0.03	0.03	0.03	0.03	0.02	0.03	0.03	0.03	0.03	0.04	0.03	0.03	0.02	0.03	0.03	0.03	0.03	0.04	0.05	0.07	0.05	0.05	0.06	0.05	0.06	0.06	0.07	0.38	0.39	0.51	0.55	0.80	0.83	0.98	1.04	1.76	1.45	2.22	1.55	2.44	1.02	2.86	1.13	1.73	1.23	0.86	1.13	2.94	0.70	196.05	141.41	157.25	166.60	20.25	19.47	15.20	16.35	10.66	8.58	10.84	7.72	8.51	12.34	12.02	11.04	6.51	9.72	5.46	7.22	5.70	7.74	3.77	4.42	4.24	5.72	4.72	3.88	5.39	5.34	4.85	4.71	6.13	4.79	5.05	3.83	5.75	4.45	4.25	4.72	6.04	8.25	11.28	8.00	8.07	10.12	8.66	10.20	10.53	11.64	62.83	64.13	84.12	91.52	132.54	136.72	162.36	171.75	290.48	240.09	367.13	256.26	402.90	168.71	473.24	186.09	285.88	203.88	141.88	187.38	485.35	116.02
C00079	Phenylalanine	phe__L_c	Tyrosine, Tryptophan, and Phenylalanine Metabolism	0.86	0.99	0.97	1.17	0.75	0.67	0.57	0.85	0.87	1.15	3.28	1.18	0.85	0.92	1.20	1.28	2.01	1.93	3.26	4.09	7.36	5.58	6.99	6.80	9.09	10.68	10.09	9.06	8.95	7.80	7.43	8.93	8.10	9.35	8.58	8.26	7.86	6.93	11.25	9.95	11.07	9.57	9.56	9.81	10.23	9.09	9.84	9.83	11.15	11.36	10.52	14.24	11.87	12.89	12.75	11.98	0.89	1.09	0.68	0.68	0.77	0.96	0.71	1.19	1.53	0.95	0.78	0.94	0.63	0.98	1.80	1.09	88.74	102.21	100.12	120.53	77.02	69.23	58.34	87.26	89.73	118.18	337.60	121.81	87.47	94.93	123.72	131.83	206.94	198.89	335.00	420.71	757.34	573.89	718.86	699.88	934.85	1098.72	1038.67	932.54	920.79	802.46	764.16	919.15	833.02	961.83	882.66	850.16	809.17	712.90	1157.99	1023.96	1139.15	984.52	983.71	1009.51	1053.06	935.64	1012.98	1011.14	1147.78	1169.39	1082.91	1465.63	1221.80	1326.82	1312.10	1232.34	91.76	111.85	70.04	70.15	79.68	98.99	72.61	122.78	157.54	97.63	80.74	96.88	64.74	100.35	184.73	111.81
C00074	Phosphoenolpyruvate	pep_c	Glycolysis/Gluconeogenesis	1.03	1.14	1.15	0.68	20.95	24.96	30.68	22.27	10.97	11.04	11.09	12.89	26.01	22.84	24.29	22.07	24.68	22.49	22.81	23.95	19.87	20.91	19.55	19.52	25.35	18.37	21.37	18.20	17.29	20.56	16.96	16.74	17.05	19.54	17.42	13.50	18.67	16.24	13.75	13.83	12.02	14.50	12.72	10.92	12.58	10.80	9.43	7.54	10.92	13.75	1.27	1.21	0.92	1.11	1.09	1.02	1.15	0.97	0.57	0.74	0.85	0.67	0.78	0.70	0.68	0.59	1.06	1.21	1.48	1.02	1.38	0.84	148.27	164.07	165.34	97.54	3012.88	3590.02	4412.47	3203.31	1578.25	1588.03	1595.12	1853.69	3739.97	3284.04	3493.61	3173.86	3549.76	3234.55	3280.43	3444.44	2857.68	3007.36	2811.33	2807.79	3645.71	2641.70	3072.92	2617.22	2487.04	2956.88	2438.51	2407.96	2452.38	2809.52	2504.54	1941.12	2685.13	2335.84	1976.87	1988.48	1728.22	2085.88	1829.00	1570.42	1808.97	1552.51	1355.52	1083.84	1570.04	1977.48	183.30	173.47	131.92	160.20	156.39	146.72	165.58	140.19	81.56	106.39	121.79	96.73	112.60	100.95	97.94	85.16	152.17	173.72	212.34	145.97	197.90	120.88
C02739	Phosphoribosyl-ATP	prbatp_c	Histidine Metabolism	0.94	1.07	0.78	1.20	0.99	0.81	0.98	1.06	0.86	1.02	0.80	1.47	1.49	1.18	1.16	0.78	0.56	0.75	0.97	0.88	0.63	1.24	1.25	0.82	0.50	0.85	0.82	0.65	0.67	1.06	0.43	0.59	1.27	0.54	0.60	0.48	0.77	1.01	0.98	0.71	0.86	0.47	0.87	1.50	0.76	0.70	0.72	1.93	0.73	0.64	1.10	2.12	1.19	1.66	2.39	1.89	2.06	1.07	1.59	2.03	1.03	0.86	0.83	1.11	0.75	0.81	0.66	1.05	0.63	0.57	0.67	0.84	-	-	-	-	-	-	-	-	-	-	-	-	-	-	-	-	-	-	-	-	-	-	-	-	-	-	-	-	-	-	-	-	-	-	-	-	-	-	-	-	-	-	-	-	-	-	-	-	-	-	-	-	-	-	-	-	-	-	-	-	-	-	-	-	-	-	-	-	-	-	-	-
C00156	p-Hydroxybenzoic acid	4hbz_c	Cofactor and Prosthetic Group Biosynthesis	1.35	0.99	0.77	0.89	0.77	0.87	0.59	0.73	0.57	0.62	4.85	0.69	0.77	0.87	0.66	0.78	0.49	0.97	2.28	1.06	1.13	0.69	0.98	0.77	0.91	0.85	1.05	0.75	0.77	0.69	0.60	0.72	1.14	0.77	0.67	0.54	0.69	0.75	1.46	0.81	0.67	0.57	0.95	0.67	0.58	0.82	0.85	0.73	0.61	0.93	0.71	0.65	0.89	1.02	1.06	1.13	0.93	1.13	0.48	0.90	0.80	0.77	0.79	0.79	0.81	0.69	1.14	1.21	0.93	0.92	1.59	1.29	-	-	-	-	-	-	-	-	-	-	-	-	-	-	-	-	-	-	-	-	-	-	-	-	-	-	-	-	-	-	-	-	-	-	-	-	-	-	-	-	-	-	-	-	-	-	-	-	-	-	-	-	-	-	-	-	-	-	-	-	-	-	-	-	-	-	-	-	-	-	-	-
C00148	Proline	pro__L_c	Arginine and Proline Metabolism	0.77	1.17	0.98	1.08	0.38	0.32	0.19	0.23	0.31	0.30	0.79	0.29	0.19	0.30	0.21	0.20	0.22	0.20	0.29	0.24	0.78	0.21	0.32	0.37	0.30	0.33	0.36	0.35	0.31	0.28	0.36	0.31	0.37	0.37	0.30	0.35	0.27	0.23	0.38	0.27	0.27	0.25	0.21	0.17	0.19	0.21	0.17	0.17	0.14	0.18	0.47	0.43	0.56	0.61	1.07	0.91	0.94	1.10	1.06	1.02	1.12	1.01	0.97	0.99	1.44	0.81	0.93	1.24	0.80	1.33	2.72	1.01	301.14	455.47	382.92	420.66	148.84	124.27	73.35	89.51	120.18	117.87	307.75	113.69	72.68	115.45	83.58	78.98	84.03	79.49	113.04	94.14	302.87	81.37	124.55	142.90	117.59	130.18	140.26	137.95	120.39	108.26	141.96	120.31	143.06	143.13	117.33	135.54	104.99	89.21	148.69	105.89	104.51	95.66	81.41	64.66	75.60	81.79	65.77	65.32	54.75	69.47	183.57	165.88	217.84	238.61	415.68	356.38	364.88	427.83	414.51	399.74	435.13	393.20	377.74	384.93	560.35	315.95	364.41	481.98	310.26	517.27	1059.87	394.98
C00100	Propionyl-CoA 	ppcoa_c	Alternate Carbon Metabolism	1.05	0.77	1.10	1.08	1.35	0.75	0.23	0.17	0.10	0.08	0.18	0.16	1.02	0.92	1.12	1.15	1.35	1.36	1.22	1.20	0.84	1.16	1.14	1.14	1.10	0.97	1.05	1.05	0.70	0.77	0.69	0.91	0.60	0.78	0.62	0.64	0.54	0.68	0.98	0.89	0.85	1.01	0.87	0.63	0.76	0.80	1.05	0.78	0.69	0.53	0.03	0.03	0.02	0.03	0.30	0.27	0.06	0.06	0.63	0.35	0.65	0.56	1.11	0.29	1.55	0.27	1.19	0.68	1.85	0.29	1.58	0.39	-	-	-	-	-	-	-	-	-	-	-	-	-	-	-	-	-	-	-	-	-	-	-	-	-	-	-	-	-	-	-	-	-	-	-	-	-	-	-	-	-	-	-	-	-	-	-	-	-	-	-	-	-	-	-	-	-	-	-	-	-	-	-	-	-	-	-	-	-	-	-	-
C00032	Protoheme	pheme_c	Cofactor and Prosthetic Group Biosynthesis	1.16	1.12	0.79	0.92	0.68	0.94	1.61	1.13	1.11	1.09	1.14	0.93	1.89	1.49	1.64	1.10	1.06	1.54	0.97	1.50	1.09	1.13	1.01	0.98	0.91	0.94	0.31	1.56	1.29	1.02	1.19	1.81	1.24	0.98	1.09	1.06	1.32	1.69	1.67	1.10	1.55	0.94	1.29	1.67	1.42	1.17	1.27	1.17	1.93	2.25	1.23	1.97	1.36	1.91	1.62	1.11	1.09	1.35	0.66	1.28	1.15	1.24	0.94	0.79	0.29	0.75	0.79	0.74	0.85	0.64	0.44	0.26	-	-	-	-	-	-	-	-	-	-	-	-	-	-	-	-	-	-	-	-	-	-	-	-	-	-	-	-	-	-	-	-	-	-	-	-	-	-	-	-	-	-	-	-	-	-	-	-	-	-	-	-	-	-	-	-	-	-	-	-	-	-	-	-	-	-	-	-	-	-	-	-
C00534	Pyridoxamine	pydam_c	Cofactor and Prosthetic Group Biosynthesis	0.86	0.92	0.78	1.43	0.98	0.65	0.41	1.01	0.72	1.18	1.52	1.41	1.18	1.70	1.92	2.28	1.83	2.41	2.04	3.12	2.67	3.08	2.59	3.08	3.04	3.73	4.77	5.01	6.41	4.69	3.98	4.30	5.28	4.56	4.09	4.67	5.65	7.01	6.54	8.04	7.41	7.67	9.88	8.73	8.03	8.92	11.67	9.74	13.23	18.40	9.23	10.26	8.73	6.44	7.81	10.74	5.90	6.39	5.50	6.38	5.24	5.88	5.55	4.25	7.26	4.81	5.73	6.16	4.50	4.54	13.15	6.12	-	-	-	-	-	-	-	-	-	-	-	-	-	-	-	-	-	-	-	-	-	-	-	-	-	-	-	-	-	-	-	-	-	-	-	-	-	-	-	-	-	-	-	-	-	-	-	-	-	-	-	-	-	-	-	-	-	-	-	-	-	-	-	-	-	-	-	-	-	-	-	-
C00647	Pyridoxamine 5-Phosphate	pyam5p_c	Cofactor and Prosthetic Group Biosynthesis	1.01	0.86	1.09	1.04	1.20	1.18	1.32	1.11	1.60	1.29	1.02	1.35	1.71	1.80	2.28	1.63	1.69	1.71	1.55	1.72	1.79	1.94	2.08	1.75	1.62	1.53	2.04	1.97	1.33	1.68	1.98	1.88	1.62	2.22	1.65	1.62	1.85	1.80	2.35	2.07	1.95	1.74	2.11	2.02	1.57	1.86	1.81	2.27	1.53	1.87	0.81	0.83	0.42	0.60	0.45	0.61	0.68	0.61	0.60	0.60	0.62	0.57	0.78	0.66	1.13	0.82	0.89	0.97	0.98	0.74	1.44	0.96	-	-	-	-	-	-	-	-	-	-	-	-	-	-	-	-	-	-	-	-	-	-	-	-	-	-	-	-	-	-	-	-	-	-	-	-	-	-	-	-	-	-	-	-	-	-	-	-	-	-	-	-	-	-	-	-	-	-	-	-	-	-	-	-	-	-	-	-	-	-	-	-
C00051	Reduced glutathione	gthrd_c	Cofactor and Prosthetic Group Biosynthesis	0.82	1.41	0.96	0.81	0.79	0.85	0.63	0.81	0.75	0.93	1.08	0.82	0.74	1.30	0.97	0.91	0.75	1.11	0.66	0.87	0.88	0.90	0.78	0.98	0.78	0.75	0.82	0.77	0.69	0.76	0.66	0.79	0.71	0.95	0.85	0.74	0.76	0.74	0.72	0.80	0.60	0.78	0.64	0.65	0.73	0.70	0.67	0.77	0.63	0.72	0.69	0.58	0.55	0.59	0.41	0.35	0.12	0.13	0.44	0.37	0.84	0.91	0.81	0.87	1.54	0.97	1.22	1.23	0.87	1.11	2.46	0.75	5660.24	9744.99	6637.38	5622.54	5480.22	5885.81	4353.00	5618.34	5207.72	6417.03	7499.50	5651.89	5120.41	8986.61	6704.14	6288.20	5198.98	7675.60	4583.42	5986.04	6098.86	6191.22	5394.17	6775.01	5411.68	5218.61	5705.36	5312.02	4743.67	5289.00	4537.79	5469.96	4879.42	6604.64	5854.73	5151.24	5233.93	5136.36	4979.58	5522.70	4140.69	5372.09	4424.58	4499.62	5017.65	4855.97	4624.49	5352.19	4358.26	4989.53	4762.35	4017.66	3810.03	4064.16	2805.96	2443.39	859.80	923.22	3014.47	2545.04	5782.52	6273.52	5613.17	6016.96	10627.05	6697.89	8423.54	8504.77	6050.54	7706.52	17001.40	5176.59
C00255	Riboflavin	ribflv_c	Cofactor and Prosthetic Group Biosynthesis	0.75	1.12	1.07	1.05	1.05	0.75	0.45	0.69	0.29	0.48	0.72	0.39	0.25	0.76	0.49	0.54	0.62	0.61	0.50	1.05	0.42	0.51	0.52	0.62	0.39	0.62	0.52	0.49	0.40	0.51	0.29	0.43	0.36	0.44	0.39	0.32	0.30	0.42	0.41	0.43	0.44	0.47	0.43	0.72	0.46	0.61	0.54	0.66	0.62	1.32	0.89	0.80	0.77	0.85	1.31	1.42	2.11	1.32	1.72	2.32	2.01	2.40	2.14	2.39	3.04	2.20	4.33	4.72	3.97	4.76	11.95	5.19	-	-	-	-	-	-	-	-	-	-	-	-	-	-	-	-	-	-	-	-	-	-	-	-	-	-	-	-	-	-	-	-	-	-	-	-	-	-	-	-	-	-	-	-	-	-	-	-	-	-	-	-	-	-	-	-	-	-	-	-	-	-	-	-	-	-	-	-	-	-	-	-
C00021	S-Adenosyl-homocysteine	ahcys_c	Methionine Metabolism	1.16	0.76	1.03	1.05	0.47	0.58	0.38	0.32	0.38	0.42	0.29	0.33	0.08	0.14	0.10	0.11	0.07	0.12	0.09	0.07	0.06	0.07	0.06	0.04	0.05	0.07	0.09	0.06	0.06	0.08	0.05	0.05	0.09	0.06	0.06	0.06	0.03	0.07	0.08	0.06	0.04	0.04	0.05	0.06	0.04	0.08	0.06	0.04	0.07	0.09	0.24	0.26	0.45	0.49	0.33	0.48	0.40	0.59	0.54	0.43	0.65	0.70	0.73	0.77	0.83	0.46	0.62	0.84	0.57	0.55	1.14	0.62	-	-	-	-	-	-	-	-	-	-	-	-	-	-	-	-	-	-	-	-	-	-	-	-	-	-	-	-	-	-	-	-	-	-	-	-	-	-	-	-	-	-	-	-	-	-	-	-	-	-	-	-	-	-	-	-	-	-	-	-	-	-	-	-	-	-	-	-	-	-	-	-
C00019	S-Adenosylmethionine	amet_c	Methionine Metabolism	0.97	0.93	0.96	1.13	1.04	0.89	0.60	0.51	0.91	0.91	1.16	1.50	0.78	0.88	0.62	0.57	0.82	1.08	1.07	2.31	2.17	2.03	3.86	3.28	4.98	3.79	7.70	6.34	8.56	6.60	7.00	6.22	7.67	8.79	7.31	7.45	8.81	6.80	7.68	6.87	8.17	7.52	6.42	7.31	5.13	6.67	6.64	6.75	8.12	10.25	0.94	1.02	1.18	1.11	0.22	0.23	0.70	0.61	1.38	1.14	0.84	0.99	1.14	1.47	1.43	1.27	1.72	1.50	1.29	1.31	3.14	1.17	-	-	-	-	-	-	-	-	-	-	-	-	-	-	-	-	-	-	-	-	-	-	-	-	-	-	-	-	-	-	-	-	-	-	-	-	-	-	-	-	-	-	-	-	-	-	-	-	-	-	-	-	-	-	-	-	-	-	-	-	-	-	-	-	-	-	-	-	-	-	-	-
C05382	Seduheptulose 7-P	s7p_c	Pentose Phosphate Pathway	0.95	1.03	0.97	1.06	0.39	0.27	0.24	0.29	0.24	0.26	0.35	0.22	0.27	0.42	0.22	0.28	0.19	0.14	0.09	0.12	0.10	0.14	0.08	0.10	0.08	0.08	0.05	0.04	0.05	0.04	0.06	0.06	0.06	0.08	0.04	0.07	0.03	0.05	0.03	0.05	0.06	0.05	0.04	0.06	0.03	0.03	0.06	0.04	0.05	0.05	0.88	0.83	1.12	1.29	1.16	1.10	0.74	1.03	0.98	0.73	1.13	0.99	1.72	0.55	1.83	0.52	1.22	0.73	0.78	0.52	1.72	0.48	152.88	165.93	156.81	171.30	62.36	43.90	39.46	47.44	38.33	41.87	56.65	36.16	43.10	68.30	36.16	45.58	30.43	23.32	15.14	18.81	16.79	22.98	13.17	15.78	12.58	12.62	7.41	5.70	8.23	6.84	10.41	9.80	9.35	12.83	6.11	10.98	4.29	7.78	5.31	7.96	10.34	8.08	5.68	9.40	5.14	4.70	9.74	6.98	8.27	8.74	142.07	134.05	181.23	207.83	187.73	177.50	120.41	166.31	158.97	118.84	183.26	159.38	278.26	89.09	295.37	83.98	196.78	118.69	125.96	84.39	278.37	77.59
C02077	Semicarbazide	-	-	0.98	0.83	0.97	1.22	1.18	1.17	1.25	1.15	1.18	1.14	1.20	1.17	1.00	1.18	1.01	1.14	1.18	1.17	1.12	1.09	1.21	1.21	1.26	1.23	1.16	1.32	1.19	1.25	1.18	1.08	1.39	1.46	1.27	1.31	1.33	1.22	1.45	1.20	1.28	1.38	1.25	1.30	1.18	1.61	1.40	1.30	1.49	1.52	1.42	1.59	1.42	1.36	1.32	1.42	1.19	1.21	1.28	1.23	1.11	1.10	1.01	0.92	0.81	0.87	0.75	0.72	1.06	1.15	0.85	0.79	0.69	0.70	-	-	-	-	-	-	-	-	-	-	-	-	-	-	-	-	-	-	-	-	-	-	-	-	-	-	-	-	-	-	-	-	-	-	-	-	-	-	-	-	-	-	-	-	-	-	-	-	-	-	-	-	-	-	-	-	-	-	-	-	-	-	-	-	-	-	-	-	-	-	-	-
C00065	Serine	ser__L_c	Glycine and Serine Metabolism	1.16	0.97	0.86	1.00	0.66	0.86	0.44	0.53	0.52	0.43	5.01	0.52	0.42	0.61	0.43	0.63	0.37	0.53	1.82	0.80	0.81	0.43	0.48	0.53	0.38	0.43	0.51	0.63	0.39	0.48	0.36	0.40	1.14	0.41	0.36	0.38	0.42	0.46	0.89	0.55	0.58	0.41	0.66	0.38	0.43	0.41	0.46	0.41	0.39	0.42	0.85	0.83	0.85	0.97	1.12	1.03	0.88	0.84	0.62	0.61	0.72	0.60	0.62	0.58	1.04	0.57	0.78	0.81	0.66	0.63	1.11	1.10	523.21	437.58	387.76	451.48	299.00	387.33	199.12	240.41	233.16	195.28	2254.01	232.98	190.63	275.88	194.73	283.62	165.90	239.91	821.21	361.09	362.75	191.50	215.09	239.18	170.00	192.13	227.58	282.73	174.55	215.38	164.20	180.37	512.40	185.19	162.34	170.07	189.63	207.85	398.82	245.82	260.19	185.07	298.19	170.20	193.03	184.16	205.48	183.33	174.97	191.21	383.63	372.48	382.02	435.93	502.47	465.58	394.21	378.71	277.92	276.11	322.03	268.49	280.55	263.14	466.61	258.25	349.07	366.68	294.85	282.10	497.93	493.62
C00042	Succinate	succ_c	Citric Acid Cycle	1.18	0.53	0.96	1.33	0.71	0.45	0.32	0.30	0.60	0.26	0.36	0.80	0.35	0.50	0.49	0.25	0.26	0.22	0.29	0.19	0.86	0.33	0.26	0.29	0.29	0.53	0.60	0.60	0.35	0.41	1.55	0.44	0.35	0.40	0.23	0.16	0.48	0.65	0.23	0.26	0.38	0.36	0.26	0.34	0.23	0.31	0.46	0.34	0.24	0.22	0.83	0.78	1.62	2.08	0.99	1.02	0.37	0.84	0.82	1.08	1.09	1.34	1.25	2.97	2.38	3.08	1.48	1.93	1.01	2.12	2.46	2.24	257.22	115.87	209.05	289.08	153.58	98.41	68.75	65.06	130.51	55.85	77.92	173.19	76.46	108.29	106.94	54.82	55.98	48.52	62.36	42.03	187.20	72.09	56.44	64.05	62.38	115.22	131.63	130.02	75.52	90.04	336.68	96.61	75.59	86.40	49.95	34.43	103.93	142.00	49.71	57.38	83.58	77.97	57.25	73.77	49.49	66.58	100.64	74.75	52.22	47.85	180.49	169.09	352.94	452.96	216.41	221.19	79.73	182.53	179.02	234.49	237.74	291.40	272.53	646.28	517.95	671.75	322.59	420.55	220.19	461.95	535.18	487.47
C00091	Succinyl-CoA	succoa_c	Citric Acid Cycle	1.23	0.76	0.90	1.10	0.21	0.19	0.21	0.25	0.35	0.27	0.27	0.28	0.10	0.13	0.14	0.08	0.08	0.06	0.07	0.10	0.09	0.03	0.12	0.13	0.07	0.10	0.06	0.15	0.12	0.05	0.03	0.04	0.06	0.04	0.05	0.04	0.07	0.05	0.07	0.04	0.04	0.02	0.07	0.06	0.03	0.02	0.03	0.12	0.03	0.09	2.00	2.74	0.78	1.06	0.95	1.10	0.50	0.75	0.94	0.39	0.32	0.69	0.70	0.48	0.35	0.38	0.55	0.68	0.64	0.48	0.62	0.76	-	-	-	-	-	-	-	-	-	-	-	-	-	-	-	-	-	-	-	-	-	-	-	-	-	-	-	-	-	-	-	-	-	-	-	-	-	-	-	-	-	-	-	-	-	-	-	-	-	-	-	-	-	-	-	-	-	-	-	-	-	-	-	-	-	-	-	-	-	-	-	-
C00078	Tryptophan	trp__L_c	Tyrosine, Tryptophan, and Phenylalanine Metabolism	0.86	0.97	1.00	1.16	0.59	0.67	0.23	0.44	0.46	0.56	2.37	0.84	0.50	0.69	0.86	1.03	1.87	1.79	3.34	3.15	8.55	5.22	4.15	4.54	6.67	8.77	9.56	9.15	8.61	9.23	11.28	11.17	14.34	13.91	11.47	12.00	11.33	9.84	16.01	12.77	10.84	13.75	11.76	16.31	13.68	12.86	11.78	12.29	13.49	15.02	6.21	5.67	5.96	4.93	4.11	3.36	0.74	0.80	0.88	0.66	0.90	0.86	0.74	0.71	1.18	0.65	0.96	0.81	0.95	0.95	2.39	1.05	21.09	23.77	24.35	28.34	14.42	16.23	5.60	10.79	11.26	13.75	57.82	20.56	12.27	16.73	20.89	25.16	45.52	43.62	81.38	76.83	208.39	127.24	101.15	110.76	162.56	213.94	233.14	223.22	210.08	225.00	275.07	272.41	349.72	339.11	279.78	292.66	276.30	239.98	390.34	311.49	264.28	335.32	286.84	397.86	333.64	313.52	287.23	299.67	328.86	366.23	151.33	138.36	145.28	120.12	100.16	81.99	18.02	19.56	21.51	16.10	21.83	20.87	18.00	17.37	28.87	15.91	23.36	19.68	23.05	23.24	58.40	25.55
C00082	Tyrosine	tyr__L_c	Tyrosine, Tryptophan, and Phenylalanine Metabolism	0.89	1.03	1.14	0.94	0.50	0.70	1.04	1.07	1.51	1.31	2.40	1.91	1.28	1.38	1.72	1.39	1.50	2.12	2.64	1.99	3.55	3.01	4.02	4.09	7.44	6.01	10.46	7.95	10.46	10.15	10.13	10.15	11.96	13.53	11.38	11.65	15.15	12.15	12.42	12.33	11.76	10.12	13.02	12.45	10.99	10.81	10.12	11.51	12.26	17.20	9.64	11.05	5.44	6.55	0.57	0.40	1.47	1.46	0.96	1.17	0.90	1.03	1.11	1.51	1.47	1.32	0.79	1.29	1.14	1.60	2.09	1.48	192.30	223.03	245.40	202.60	108.54	151.16	223.54	231.34	325.54	282.72	517.02	412.20	275.98	297.96	370.47	300.71	324.45	456.70	570.78	428.74	766.13	649.81	867.94	882.70	1605.15	1297.25	2257.72	1716.13	2257.17	2191.57	2186.01	2191.62	2582.03	2919.39	2455.50	2515.08	3270.03	2622.55	2681.42	2661.01	2537.22	2183.38	2810.49	2687.79	2372.88	2333.40	2183.35	2485.27	2646.50	3712.62	2079.60	2385.02	1174.04	1413.94	122.09	85.26	316.41	314.30	207.44	252.61	194.34	221.65	239.39	326.69	318.29	283.98	170.97	277.45	246.82	345.50	450.67	318.44
C00015	UDP	udp_c	Nucleotide Salvage Pathway	1.16	0.81	0.96	1.07	2.38	2.19	4.03	1.97	1.22	1.63	1.10	1.44	1.38	1.87	1.51	2.51	1.82	2.89	2.77	2.66	2.43	2.61	3.78	3.10	2.19	2.53	3.15	2.12	2.78	2.05	2.75	2.00	1.95	2.59	1.61	1.83	1.91	1.49	1.81	1.23	1.71	1.57	1.58	1.49	1.59	1.74	2.01	1.63	2.10	2.82	0.97	0.88	1.18	0.81	0.76	0.83	0.80	1.25	0.87	0.84	0.39	0.79	0.54	0.59	0.75	0.73	0.82	0.92	0.97	0.77	1.21	0.75	140.98	97.69	115.99	129.52	287.68	265.56	488.12	238.80	147.19	197.62	133.60	174.13	166.72	226.79	182.88	303.95	219.72	349.31	335.12	321.83	294.18	316.43	457.89	375.40	265.25	305.83	381.68	257.08	336.08	248.45	332.35	242.66	236.35	312.90	195.13	220.90	231.00	179.90	219.22	149.14	206.88	190.01	190.85	180.07	192.36	210.68	243.30	197.75	253.96	340.83	117.50	106.15	143.24	98.33	92.23	100.82	96.94	151.46	105.49	101.80	47.18	96.02	65.36	71.10	90.79	87.96	99.02	110.80	117.54	92.75	146.01	91.16
C00029	UDP-Glucose	udpg_c	Cell Envelope Biosynthesis	1.04	0.86	1.05	1.05	0.79	0.59	0.30	0.51	0.31	0.47	0.55	0.42	0.19	0.25	0.23	0.23	0.16	0.15	0.12	0.11	0.09	0.09	0.07	0.06	0.02	0.03	0.01	0.01	0.01	0.01	0.00	0.00	0.00	0.00	0.00	0.00	0.00	0.00	0.00	0.00	0.01	0.00	0.01	0.01	0.00	0.00	0.00	0.00	0.00	0.00	1.21	0.88	0.95	1.04	1.41	1.35	1.52	1.46	0.94	0.63	0.51	0.50	0.32	0.36	0.63	0.39	0.53	0.65	0.50	0.60	1.34	0.56	-	-	-	-	-	-	-	-	-	-	-	-	-	-	-	-	-	-	-	-	-	-	-	-	-	-	-	-	-	-	-	-	-	-	-	-	-	-	-	-	-	-	-	-	-	-	-	-	-	-	-	-	-	-	-	-	-	-	-	-	-	-	-	-	-	-	-	-	-	-	-	-
C00043	UDP-N-acetyl-D-Glucosamine	uacgam_c	Cell Envelope Biosynthesis	1.08	1.00	0.92	1.01	0.80	0.53	0.50	0.56	0.38	0.59	0.56	0.32	0.27	0.37	0.29	0.32	0.28	0.18	0.19	0.23	0.20	0.26	0.17	0.18	0.18	0.13	0.15	0.14	0.12	0.13	0.10	0.09	0.11	0.11	0.09	0.12	0.11	0.07	0.15	0.12	0.15	0.20	0.13	0.13	0.19	0.12	0.11	0.15	0.13	0.14	1.48	1.41	1.76	1.73	1.32	1.27	1.05	1.80	1.05	0.90	1.10	0.85	0.85	0.86	1.20	0.90	0.74	1.09	0.87	1.25	2.31	0.89	724.10	668.50	614.74	676.72	534.49	356.93	334.53	374.12	254.67	392.79	378.56	215.12	178.73	246.66	192.61	214.78	188.69	120.23	125.81	155.57	135.90	176.93	116.01	118.78	123.77	88.82	100.35	92.65	83.11	87.42	68.20	58.37	72.77	75.60	59.92	79.71	73.84	45.76	99.82	81.24	102.20	133.07	89.42	85.08	125.47	81.45	72.62	100.88	89.01	91.30	993.63	946.45	1179.91	1159.60	889.01	850.47	704.72	1210.88	701.31	605.92	735.64	572.91	570.44	578.82	806.29	603.47	497.90	734.00	582.45	838.11	1551.49	595.16
C01212	UDP-N-acetylmuramoyl-alanine	uama_c	Cell Envelope Biosynthesis	1.28	1.14	0.71	0.87	1.64	1.86	0.63	0.66	0.09	0.25	0.08	0.13	0.11	0.13	0.17	0.09	0.35	0.35	0.28	0.12	0.34	0.29	0.36	0.30	0.92	0.82	0.85	0.97	0.55	0.83	0.25	0.33	0.78	0.62	0.67	0.91	1.18	1.28	0.65	0.65	0.41	0.56	0.64	0.38	0.19	0.38	0.49	0.71	0.76	1.03	0.27	0.21	0.39	0.33	0.78	0.73	0.65	0.71	0.77	0.37	0.87	0.38	0.81	1.34	0.71	1.18	1.79	1.25	2.41	1.76	3.11	1.17	-	-	-	-	-	-	-	-	-	-	-	-	-	-	-	-	-	-	-	-	-	-	-	-	-	-	-	-	-	-	-	-	-	-	-	-	-	-	-	-	-	-	-	-	-	-	-	-	-	-	-	-	-	-	-	-	-	-	-	-	-	-	-	-	-	-	-	-	-	-	-	-
C00105	UMP	ump_c	Purine and Pyrimidine Biosynthesis	0.81	1.35	0.73	1.10	3.66	5.75	3.36	3.34	1.91	2.44	1.91	2.38	3.40	3.13	3.25	3.13	4.19	3.44	4.02	4.53	3.51	3.81	2.80	3.57	4.07	4.10	3.36	3.38	2.15	3.22	3.56	3.83	3.24	3.15	3.11	2.74	3.09	3.81	2.38	1.71	2.47	2.28	2.80	2.28	2.25	3.11	3.18	2.25	3.64	3.71	1.76	1.16	1.86	2.12	1.36	2.09	1.15	2.13	0.86	0.87	0.65	0.91	0.59	0.69	1.57	0.88	0.82	1.05	1.19	1.81	2.42	2.05	57.82	95.93	51.65	78.39	259.43	407.97	238.19	237.29	135.33	173.26	135.80	168.52	241.17	221.99	230.25	222.19	297.30	244.10	284.99	321.12	248.69	270.10	198.59	253.58	288.84	290.91	238.17	239.48	152.66	228.52	252.35	271.53	230.13	223.50	220.34	194.44	219.18	270.28	169.07	121.34	175.05	161.42	198.55	161.53	159.69	220.78	225.42	159.47	258.57	263.44	124.87	82.04	131.80	150.40	96.76	148.19	81.86	150.86	60.96	61.82	46.20	64.91	41.95	49.26	111.15	62.43	57.91	74.66	84.20	128.65	171.63	145.21
C00086	Urea	urea_c	Arginine and Proline Metabolism	1.03	1.11	0.98	0.89	1.23	0.97	0.98	1.19	0.94	0.94	2.14	0.90	0.86	1.06	0.94	1.02	0.83	0.90	0.97	0.88	0.95	0.75	0.93	0.78	1.07	1.11	1.18	1.19	0.85	1.10	1.02	1.10	1.16	1.02	0.99	0.86	0.83	1.03	0.87	0.87	0.77	0.74	1.05	0.76	0.76	0.72	0.62	0.65	0.68	0.67	1.20	0.98	1.12	1.05	1.17	1.04	0.86	0.98	0.81	0.75	0.73	0.62	0.50	0.54	0.68	0.46	0.83	0.80	0.59	0.68	1.04	0.55	-	-	-	-	-	-	-	-	-	-	-	-	-	-	-	-	-	-	-	-	-	-	-	-	-	-	-	-	-	-	-	-	-	-	-	-	-	-	-	-	-	-	-	-	-	-	-	-	-	-	-	-	-	-	-	-	-	-	-	-	-	-	-	-	-	-	-	-	-	-	-	-
C00075	UTP	utp_c	Purine and Pyrimidine Biosynthesis	0.87	1.06	1.13	0.94	0.74	1.10	1.72	1.02	0.93	1.48	1.03	0.84	0.47	0.79	0.46	0.68	0.47	0.78	0.28	0.50	0.36	0.51	0.37	0.59	0.23	0.24	0.33	0.31	0.34	0.39	0.28	0.27	0.27	0.37	0.30	0.27	0.31	0.25	0.33	0.29	0.26	0.35	0.32	0.34	0.20	0.22	0.33	0.35	0.37	0.42	2.18	1.72	2.03	2.26	1.13	1.28	1.97	1.87	1.39	1.35	0.51	0.80	0.48	0.65	0.75	1.06	1.71	1.68	1.60	1.32	2.38	1.42	990.18	1203.82	1282.03	1067.02	845.27	1244.24	1948.74	1163.55	1060.70	1677.64	1169.51	956.03	535.27	899.11	518.68	770.58	535.63	889.82	319.95	565.16	408.59	583.91	414.80	666.75	263.01	268.32	376.99	357.67	382.22	448.20	322.78	305.95	306.52	416.07	343.73	309.38	352.77	285.91	376.55	334.56	295.32	397.12	358.18	391.58	231.76	249.21	376.89	394.65	419.99	481.00	2481.24	1954.08	2309.07	2567.97	1283.81	1449.87	2236.17	2118.35	1574.37	1534.24	578.77	910.15	542.61	743.85	854.64	1200.89	1943.00	1912.72	1820.91	1498.34	2705.71	1609.85
C00183	Valine	val__L_c	Valine, Leucine, and Isoleucine Metabolism	0.94	1.12	0.93	1.01	0.39	0.35	0.35	0.25	0.15	0.13	0.62	0.13	0.41	0.44	0.50	0.49	0.74	0.78	1.52	1.19	1.62	1.18	1.51	1.65	2.04	1.69	2.13	2.14	2.56	2.16	2.32	2.52	2.80	2.84	2.27	2.24	2.58	2.56	2.91	2.68	2.38	2.53	3.00	3.75	2.43	3.30	2.66	2.51	3.14	4.74	5.90	5.15	5.53	5.89	8.18	6.60	0.19	0.20	0.41	0.64	0.51	0.81	0.69	1.82	1.05	2.25	0.73	1.68	0.98	2.30	2.22	1.76	531.91	631.07	526.81	572.81	218.81	198.52	197.03	143.29	86.72	73.64	350.20	76.12	231.36	246.83	281.32	279.45	420.94	440.10	862.12	672.10	917.16	668.80	855.61	934.64	1155.90	958.71	1204.80	1209.99	1446.59	1221.18	1312.94	1425.00	1582.87	1607.54	1284.03	1264.94	1460.73	1448.48	1647.22	1513.44	1343.97	1432.54	1695.72	2120.76	1376.59	1867.84	1502.00	1418.88	1774.99	2683.97	3334.87	2914.68	3127.04	3334.37	4628.91	3731.31	104.68	113.11	233.79	364.64	287.90	460.62	391.75	1029.50	592.11	1274.23	413.56	951.65	553.56	1301.85	1256.50	993.30
C01762	Xanthosine	xtsn_c	Nucleotide Salvage Pathway	1.05	0.66	0.92	1.37	0.04	0.03	0.03	0.03	0.02	0.03	0.10	0.03	0.04	0.03	0.04	0.04	0.02	0.02	0.03	0.04	0.03	0.03	0.03	0.02	0.03	0.03	0.04	0.02	0.02	0.02	0.02	0.02	0.02	0.02	0.03	0.03	0.02	0.01	0.02	0.02	0.02	0.02	0.02	0.02	0.02	0.02	0.02	0.02	0.01	0.01	0.01	0.00	0.01	0.00	0.01	0.01	0.01	0.01	0.02	0.01	0.03	0.02	0.06	0.05	0.20	0.09	0.68	0.72	0.93	1.14	3.95	1.46	-	-	-	-	-	-	-	-	-	-	-	-	-	-	-	-	-	-	-	-	-	-	-	-	-	-	-	-	-	-	-	-	-	-	-	-	-	-	-	-	-	-	-	-	-	-	-	-	-	-	-	-	-	-	-	-	-	-	-	-	-	-	-	-	-	-	-	-	-	-	-	-
C00655	Xanthosine 5-P	xmp_c	Purine and Pyrimidine Biosynthesis	0.87	0.82	1.05	1.27	0.21	0.26	0.29	0.18	0.12	0.15	0.36	0.29	0.15	0.16	0.10	0.19	0.13	0.11	0.12	0.34	0.17	0.20	0.13	0.21	0.19	0.18	0.11	0.10	0.10	0.13	0.16	0.21	0.25	0.18	0.08	0.15	0.24	0.09	0.10	0.14	0.13	0.12	0.31	0.22	0.23	0.09	0.16	0.12	0.21	0.16	0.55	0.50	1.75	1.57	0.58	0.70	0.61	1.10	1.20	0.68	1.19	0.65	1.20	1.24	1.78	0.79	0.92	1.08	0.73	0.59	1.44	0.36	-	-	-	-	-	-	-	-	-	-	-	-	-	-	-	-	-	-	-	-	-	-	-	-	-	-	-	-	-	-	-	-	-	-	-	-	-	-	-	-	-	-	-	-	-	-	-	-	-	-	-	-	-	-	-	-	-	-	-	-	-	-	-	-	-	-	-	-	-	-	-	-
